[2026-04-20 16:40:19] ALERT level=LOW rule=external_connect_allowed container=order-processor-inventory_service pid=2868345 ppid=2868312 uid=0 comm=python msg=order-processor-inventory_service external connect to 104.20.41.132:443 (expected: api.coingecko.com)
[2026-04-20 16:40:19] ALERT level=LOW rule=external_connect_allowed container=order-processor-inventory_service pid=2868345 ppid=2868312 uid=0 comm=python msg=order-processor-inventory_service external connect to 172.66.172.219:443 (expected: api.coingecko.com)
[2026-04-20 16:40:19] ALERT level=LOW rule=external_connect_allowed container=order-processor-inventory_service pid=2868345 ppid=2868312 uid=0 comm=python msg=order-processor-inventory_service external connect to 104.20.41.132:443 (expected: api.coingecko.com)
[2026-04-20 16:40:20] ALERT level=CRITICAL rule=shell_spawn_container container=order-processor-auth_service pid=108524 ppid=108514 uid=1000 comm=/usr/bin/bash msg=Shell spawned from container — possible RCE
[2026-04-20 16:40:20] ALERT level=MEDIUM rule=sensitive_file_access container=order-processor-auth_service pid=108524 ppid=2868372 uid=1000 comm=bash msg=Container accessed system file: /etc/passwd
[2026-04-20 16:40:20] ALERT level=MEDIUM rule=sensitive_file_access container=order-processor-auth_service pid=108524 ppid=2868372 uid=1000 comm=id msg=Container accessed system file: /etc/passwd
[2026-04-20 16:40:20] ALERT level=MEDIUM rule=sensitive_file_access container=order-processor-auth_service pid=108524 ppid=2868372 uid=1000 comm=id msg=Container accessed system file: /etc/group
[2026-04-20 16:40:20] ALERT level=MEDIUM rule=sensitive_file_access container=order-processor-auth_service pid=108524 ppid=2868372 uid=1000 comm=id msg=Container accessed system file: /etc/group
[2026-04-20 16:40:22] ALERT level=LOW rule=short_lived_failure container=host pid=108569 ppid=108441 uid=0 comm=python3 msg=Process exited quickly with error — possible failed exploit
[2026-04-20 16:40:22] ALERT level=LOW rule=short_lived_failure container=host pid=108576 ppid=108441 uid=0 comm=python3 msg=Process exited quickly with error — possible failed exploit
[2026-04-20 16:40:22] ALERT level=LOW rule=short_lived_failure container=host pid=108583 ppid=108441 uid=0 comm=python3 msg=Process exited quickly with error — possible failed exploit
[2026-04-20 16:40:22] ALERT level=LOW rule=short_lived_failure container=host pid=108591 ppid=108441 uid=0 comm=python3 msg=Process exited quickly with error — possible failed exploit
[2026-04-20 16:40:22] ALERT level=LOW rule=short_lived_failure container=host pid=108606 ppid=108441 uid=0 comm=python3 msg=Process exited quickly with error — possible failed exploit
[2026-04-20 16:40:22] ALERT level=LOW rule=short_lived_failure container=host pid=108627 ppid=108441 uid=0 comm=python3 msg=Process exited quickly with error — possible failed exploit
[2026-04-20 16:40:22] ALERT level=LOW rule=short_lived_failure container=host pid=108639 ppid=108441 uid=0 comm=python3 msg=Process exited quickly with error — possible failed exploit
[2026-04-20 16:40:22] ALERT level=LOW rule=short_lived_failure container=host pid=108656 ppid=108441 uid=0 comm=python3 msg=Process exited quickly with error — possible failed exploit
[2026-04-20 16:40:22] ALERT level=LOW rule=short_lived_failure container=host pid=108663 ppid=108441 uid=0 comm=python3 msg=Process exited quickly with error — possible failed exploit
[2026-04-20 16:40:22] ALERT level=LOW rule=short_lived_failure container=host pid=108669 ppid=108441 uid=0 comm=python3 msg=Process exited quickly with error — possible failed exploit
[2026-04-20 16:40:22] ALERT level=LOW rule=short_lived_failure container=host pid=108673 ppid=108441 uid=0 comm=python3 msg=Process exited quickly with error — possible failed exploit
[2026-04-20 16:40:22] ALERT level=LOW rule=short_lived_failure container=host pid=108680 ppid=108441 uid=0 comm=python3 msg=Process exited quickly with error — possible failed exploit
[2026-04-20 16:40:22] ALERT level=LOW rule=short_lived_failure container=host pid=108691 ppid=108441 uid=0 comm=python3 msg=Process exited quickly with error — possible failed exploit
[2026-04-20 16:40:22] ALERT level=LOW rule=short_lived_failure container=host pid=108695 ppid=108441 uid=0 comm=python3 msg=Process exited quickly with error — possible failed exploit
[2026-04-20 16:40:22] ALERT level=LOW rule=short_lived_failure container=host pid=108699 ppid=108441 uid=0 comm=python3 msg=Process exited quickly with error — possible failed exploit
[2026-04-20 16:40:23] ALERT level=LOW rule=short_lived_failure container=host pid=108700 ppid=108441 uid=0 comm=python3 msg=Process exited quickly with error — possible failed exploit
[2026-04-20 16:40:23] ALERT level=LOW rule=short_lived_failure container=host pid=108704 ppid=108441 uid=0 comm=python3 msg=Process exited quickly with error — possible failed exploit
[2026-04-20 16:40:23] ALERT level=LOW rule=short_lived_failure container=host pid=108707 ppid=108441 uid=0 comm=python3 msg=Process exited quickly with error — possible failed exploit
[2026-04-20 16:40:28] ALERT level=HIGH rule=sensitive_file_access container=order-processor-auth_service pid=109119 ppid=2868372 uid=1000 comm=cat msg=Container accessed sensitive file: /etc/shadow
[2026-04-20 16:40:31] ALERT level=CRITICAL rule=shell_spawn_container container=order-processor-auth_service pid=109156 ppid=2868372 uid=1000 comm=/usr/bin/bash msg=Shell spawned from container — possible RCE
[2026-04-20 16:40:31] ALERT level=MEDIUM rule=sensitive_file_access container=order-processor-auth_service pid=109156 ppid=2868372 uid=1000 comm=bash msg=Container accessed system file: /etc/passwd
[2026-04-20 16:40:31] ALERT level=LOW rule=short_lived_failure container=order-processor-auth_service pid=109162 ppid=109156 uid=0 comm=mkdir msg=Process exited quickly with error — possible failed exploit
[2026-04-20 16:40:32] ALERT level=CRITICAL rule=sensitive_file_access container=order-processor-auth_service pid=109181 ppid=2868372 uid=1000 comm=cat msg=Container accessed SSH credential file: /root/.ssh/id_rsa
[2026-04-20 16:40:36] ALERT level=HIGH rule=unauthorized_external_connect container=order-processor-auth_service pid=109235 ppid=2868372 uid=1000 comm=python3 msg=Container made unauthorized external connection to 8.8.8.8:80
[2026-04-20 16:40:42] ALERT level=LOW rule=external_connect_allowed container=order-processor-inventory_service pid=109285 ppid=2868312 uid=0 comm=python3 msg=order-processor-inventory_service external connect to 209.97.132.148:443 (expected: api.coingecko.com)
[2026-04-20 16:40:45] ALERT level=CRITICAL rule=host_reads_container_fs container=host pid=109350 ppid=108427 uid=0 comm=cat msg=Host process accessed Docker container filesystem: /var/lib/docker/overlay2/f86f442928dac89c8f6c8b68cd1d75aef96c870a79afe538757be46bbd9d0714/merged/etc/hostname
[2026-04-20 16:40:48] ALERT level=LOW rule=short_lived_failure container=unknown pid=109374 ppid=109339 uid=0 comm=sshd msg=Process exited quickly with error — possible failed exploit
[2026-04-20 17:45:26] ALERT level=HIGH rule=sensitive_file_access container=unknown-ns pid=399 ppid=1 uid=0 comm=systemd-logind msg=Container accessed sensitive file: /proc/1/cgroup
[2026-04-20 17:45:27] ALERT level=MEDIUM rule=sensitive_file_access container=unknown-ns pid=399 ppid=1 uid=0 comm=systemd-logind msg=Container accessed system file: /etc/passwd
[2026-04-20 17:45:34] ALERT level=HIGH rule=sensitive_file_access container=unknown-ns pid=399 ppid=1 uid=0 comm=systemd-logind msg=Container accessed sensitive file: /proc/1/cgroup
[2026-04-20 17:45:36] ALERT level=MEDIUM rule=sensitive_file_access container=unknown-ns pid=399 ppid=1 uid=0 comm=systemd-logind msg=Container accessed system file: /etc/passwd
[2026-04-20 17:45:39] ALERT level=HIGH rule=sensitive_file_access container=unknown-ns pid=399 ppid=1 uid=0 comm=systemd-logind msg=Container accessed sensitive file: /proc/1/cgroup
[2026-04-20 17:45:40] ALERT level=MEDIUM rule=sensitive_file_access container=unknown-ns pid=399 ppid=1 uid=0 comm=systemd-logind msg=Container accessed system file: /etc/passwd
[2026-04-20 17:45:43] ALERT level=LOW rule=short_lived_failure container=unknown pid=133206 ppid=133003 uid=0 comm=bash msg=Process exited quickly with error — possible failed exploit
[2026-04-20 17:45:44] ALERT level=LOW rule=short_lived_failure container=unknown pid=133208 ppid=133003 uid=0 comm=bash msg=Process exited quickly with error — possible failed exploit
[2026-04-20 17:45:55] ALERT level=LOW rule=short_lived_failure container=host pid=133332 ppid=133313 uid=0 comm=python3 msg=Process exited quickly with error — possible failed exploit
[2026-04-20 17:45:55] ALERT level=LOW rule=short_lived_failure container=host pid=133333 ppid=133313 uid=0 comm=python3 msg=Process exited quickly with error — possible failed exploit
[2026-04-20 17:45:55] ALERT level=LOW rule=short_lived_failure container=host pid=133334 ppid=133313 uid=0 comm=python3 msg=Process exited quickly with error — possible failed exploit
[2026-04-20 17:45:55] ALERT level=LOW rule=short_lived_failure container=host pid=133335 ppid=133313 uid=0 comm=python3 msg=Process exited quickly with error — possible failed exploit
[2026-04-20 17:45:55] ALERT level=LOW rule=short_lived_failure container=host pid=133336 ppid=133313 uid=0 comm=python3 msg=Process exited quickly with error — possible failed exploit
[2026-04-20 17:45:55] ALERT level=LOW rule=short_lived_failure container=host pid=133337 ppid=133313 uid=0 comm=python3 msg=Process exited quickly with error — possible failed exploit
[2026-04-20 17:45:55] ALERT level=LOW rule=short_lived_failure container=host pid=133338 ppid=133313 uid=0 comm=python3 msg=Process exited quickly with error — possible failed exploit
[2026-04-20 17:45:55] ALERT level=LOW rule=short_lived_failure container=host pid=133339 ppid=133313 uid=0 comm=python3 msg=Process exited quickly with error — possible failed exploit
[2026-04-20 17:45:55] ALERT level=LOW rule=short_lived_failure container=host pid=133340 ppid=133313 uid=0 comm=python3 msg=Process exited quickly with error — possible failed exploit
[2026-04-20 17:45:55] ALERT level=LOW rule=short_lived_failure container=host pid=133341 ppid=133313 uid=0 comm=python3 msg=Process exited quickly with error — possible failed exploit
[2026-04-20 17:45:55] ALERT level=LOW rule=short_lived_failure container=host pid=133342 ppid=133313 uid=0 comm=python3 msg=Process exited quickly with error — possible failed exploit
[2026-04-20 17:45:55] ALERT level=LOW rule=short_lived_failure container=host pid=133343 ppid=133313 uid=0 comm=python3 msg=Process exited quickly with error — possible failed exploit
[2026-04-20 17:45:55] ALERT level=LOW rule=short_lived_failure container=host pid=133344 ppid=133313 uid=0 comm=python3 msg=Process exited quickly with error — possible failed exploit
[2026-04-20 17:45:55] ALERT level=LOW rule=short_lived_failure container=host pid=133345 ppid=133313 uid=0 comm=python3 msg=Process exited quickly with error — possible failed exploit
[2026-04-20 17:45:55] ALERT level=LOW rule=short_lived_failure container=host pid=133346 ppid=133313 uid=0 comm=python3 msg=Process exited quickly with error — possible failed exploit
[2026-04-20 17:45:55] ALERT level=LOW rule=short_lived_failure container=host pid=133347 ppid=133313 uid=0 comm=python3 msg=Process exited quickly with error — possible failed exploit
[2026-04-20 17:45:55] ALERT level=LOW rule=short_lived_failure container=host pid=133348 ppid=133313 uid=0 comm=python3 msg=Process exited quickly with error — possible failed exploit
[2026-04-20 17:45:55] ALERT level=LOW rule=short_lived_failure container=host pid=133349 ppid=133313 uid=0 comm=python3 msg=Process exited quickly with error — possible failed exploit
[2026-04-20 17:45:59] ALERT level=LOW rule=short_lived_failure container=unknown pid=133378 ppid=132768 uid=0 comm=bash msg=Process exited quickly with error — possible failed exploit
[2026-04-20 17:46:00] ALERT level=LOW rule=short_lived_failure container=unknown pid=133380 ppid=132768 uid=0 comm=bash msg=Process exited quickly with error — possible failed exploit
[2026-04-20 17:46:01] ALERT level=LOW rule=short_lived_failure container=unknown pid=133413 ppid=132768 uid=0 comm=bash msg=Process exited quickly with error — possible failed exploit
[2026-04-20 17:46:01] ALERT level=CRITICAL rule=shell_spawn_container container=order-processor-auth_service pid=133431 ppid=133421 uid=1000 comm=/usr/bin/bash msg=Shell spawned from container — possible RCE
[2026-04-20 17:46:01] ALERT level=MEDIUM rule=sensitive_file_access container=order-processor-auth_service pid=133431 ppid=2868372 uid=1000 comm=bash msg=Container accessed system file: /etc/passwd
[2026-04-20 17:46:08] ALERT level=HIGH rule=sensitive_file_access container=order-processor-auth_service pid=133522 ppid=2868372 uid=1000 comm=cat msg=Container accessed sensitive file: /etc/shadow
[2026-04-20 17:46:08] ALERT level=LOW rule=short_lived_failure container=order-processor-auth_service pid=133522 ppid=2868372 uid=0 comm=cat msg=Process exited quickly with error — possible failed exploit
[2026-04-20 17:46:11] ALERT level=CRITICAL rule=shell_spawn_container container=order-processor-auth_service pid=133562 ppid=133553 uid=1000 comm=/usr/bin/bash msg=Shell spawned from container — possible RCE
[2026-04-20 17:46:11] ALERT level=MEDIUM rule=sensitive_file_access container=order-processor-auth_service pid=133562 ppid=2868372 uid=1000 comm=bash msg=Container accessed system file: /etc/passwd
[2026-04-20 17:46:11] ALERT level=LOW rule=short_lived_failure container=order-processor-auth_service pid=133568 ppid=133562 uid=0 comm=mkdir msg=Process exited quickly with error — possible failed exploit
[2026-04-20 17:46:11] ALERT level=LOW rule=short_lived_failure container=order-processor-auth_service pid=133562 ppid=133553 uid=0 comm=bash msg=Process exited quickly with error — possible failed exploit
[2026-04-20 17:46:12] ALERT level=CRITICAL rule=sensitive_file_access container=order-processor-auth_service pid=133586 ppid=2868372 uid=1000 comm=cat msg=Container accessed SSH credential file: /root/.ssh/id_rsa
[2026-04-20 17:46:12] ALERT level=LOW rule=short_lived_failure container=order-processor-auth_service pid=133586 ppid=2868372 uid=0 comm=cat msg=Process exited quickly with error — possible failed exploit
[2026-04-20 17:46:16] ALERT level=HIGH rule=unauthorized_external_connect container=order-processor-auth_service pid=133641 ppid=2868372 uid=1000 comm=python3 msg=Container made unauthorized external connection to 8.8.8.8:80
[2026-04-20 17:46:21] ALERT level=LOW rule=external_connect_allowed container=order-processor-inventory_service pid=133681 ppid=2868312 uid=0 comm=python3 msg=order-processor-inventory_service external connect to 209.97.132.148:443 (expected: api.coingecko.com)
[2026-04-20 17:46:24] ALERT level=CRITICAL rule=host_reads_container_fs container=host pid=133695 ppid=133298 uid=0 comm=cat msg=Host process accessed Docker container filesystem: /var/lib/docker/overlay2/f86f442928dac89c8f6c8b68cd1d75aef96c870a79afe538757be46bbd9d0714/merged/etc/hostname
[2026-04-20 17:48:08] ALERT level=LOW rule=external_connect_allowed container=order-processor-inventory_service pid=2868345 ppid=2868312 uid=0 comm=python msg=order-processor-inventory_service external connect to 104.20.41.132:443 (expected: api.coingecko.com)
[2026-04-20 17:48:08] ALERT level=LOW rule=external_connect_allowed container=order-processor-inventory_service pid=2868345 ppid=2868312 uid=0 comm=python msg=order-processor-inventory_service external connect to 172.66.172.219:443 (expected: api.coingecko.com)
[2026-04-20 17:48:08] ALERT level=LOW rule=external_connect_allowed container=order-processor-inventory_service pid=2868345 ppid=2868312 uid=0 comm=python msg=order-processor-inventory_service external connect to 104.20.41.132:443 (expected: api.coingecko.com)
[2026-04-20 17:52:21] ALERT level=LOW rule=short_lived_failure container=host pid=136145 ppid=136124 uid=0 comm=python3 msg=Process exited quickly with error — possible failed exploit
[2026-04-20 17:52:21] ALERT level=LOW rule=short_lived_failure container=host pid=136146 ppid=136124 uid=0 comm=python3 msg=Process exited quickly with error — possible failed exploit
[2026-04-20 17:52:21] ALERT level=LOW rule=short_lived_failure container=host pid=136147 ppid=136124 uid=0 comm=python3 msg=Process exited quickly with error — possible failed exploit
[2026-04-20 17:52:21] ALERT level=LOW rule=short_lived_failure container=host pid=136148 ppid=136124 uid=0 comm=python3 msg=Process exited quickly with error — possible failed exploit
[2026-04-20 17:52:21] ALERT level=LOW rule=short_lived_failure container=host pid=136149 ppid=136124 uid=0 comm=python3 msg=Process exited quickly with error — possible failed exploit
[2026-04-20 17:52:21] ALERT level=LOW rule=short_lived_failure container=host pid=136150 ppid=136124 uid=0 comm=python3 msg=Process exited quickly with error — possible failed exploit
[2026-04-20 17:52:21] ALERT level=LOW rule=short_lived_failure container=host pid=136151 ppid=136124 uid=0 comm=python3 msg=Process exited quickly with error — possible failed exploit
[2026-04-20 17:52:21] ALERT level=LOW rule=short_lived_failure container=host pid=136152 ppid=136124 uid=0 comm=python3 msg=Process exited quickly with error — possible failed exploit
[2026-04-20 17:52:21] ALERT level=LOW rule=short_lived_failure container=host pid=136153 ppid=136124 uid=0 comm=python3 msg=Process exited quickly with error — possible failed exploit
[2026-04-20 17:52:21] ALERT level=LOW rule=short_lived_failure container=host pid=136154 ppid=136124 uid=0 comm=python3 msg=Process exited quickly with error — possible failed exploit
[2026-04-20 17:52:21] ALERT level=LOW rule=short_lived_failure container=host pid=136155 ppid=136124 uid=0 comm=python3 msg=Process exited quickly with error — possible failed exploit
[2026-04-20 17:52:21] ALERT level=LOW rule=short_lived_failure container=host pid=136156 ppid=136124 uid=0 comm=python3 msg=Process exited quickly with error — possible failed exploit
[2026-04-20 17:52:21] ALERT level=LOW rule=short_lived_failure container=host pid=136157 ppid=136124 uid=0 comm=python3 msg=Process exited quickly with error — possible failed exploit
[2026-04-20 17:52:21] ALERT level=LOW rule=short_lived_failure container=host pid=136158 ppid=136124 uid=0 comm=python3 msg=Process exited quickly with error — possible failed exploit
[2026-04-20 17:52:21] ALERT level=LOW rule=short_lived_failure container=host pid=136159 ppid=136124 uid=0 comm=python3 msg=Process exited quickly with error — possible failed exploit
[2026-04-20 17:52:21] ALERT level=LOW rule=short_lived_failure container=host pid=136160 ppid=136124 uid=0 comm=python3 msg=Process exited quickly with error — possible failed exploit
[2026-04-20 17:52:21] ALERT level=LOW rule=short_lived_failure container=host pid=136161 ppid=136124 uid=0 comm=python3 msg=Process exited quickly with error — possible failed exploit
[2026-04-20 17:52:21] ALERT level=LOW rule=short_lived_failure container=host pid=136162 ppid=136124 uid=0 comm=python3 msg=Process exited quickly with error — possible failed exploit
[2026-04-20 17:52:28] ALERT level=CRITICAL rule=shell_spawn_container container=order-processor-auth_service pid=136198 ppid=136189 uid=1000 comm=/usr/bin/bash msg=Shell spawned from container — possible RCE
[2026-04-20 17:52:28] ALERT level=MEDIUM rule=sensitive_file_access container=order-processor-auth_service pid=136198 ppid=2868372 uid=1000 comm=bash msg=Container accessed system file: /etc/passwd
[2026-04-20 17:52:34] ALERT level=HIGH rule=sensitive_file_access container=order-processor-auth_service pid=136308 ppid=2868372 uid=1000 comm=cat msg=Container accessed sensitive file: /etc/shadow
[2026-04-20 17:52:34] ALERT level=LOW rule=short_lived_failure container=order-processor-auth_service pid=136308 ppid=136296 uid=0 comm=cat msg=Process exited quickly with error — possible failed exploit
[2026-04-20 17:52:37] ALERT level=CRITICAL rule=shell_spawn_container container=order-processor-auth_service pid=136350 ppid=2868372 uid=1000 comm=/usr/bin/bash msg=Shell spawned from container — possible RCE
[2026-04-20 17:52:37] ALERT level=MEDIUM rule=sensitive_file_access container=order-processor-auth_service pid=136350 ppid=2868372 uid=1000 comm=bash msg=Container accessed system file: /etc/passwd
[2026-04-20 17:52:37] ALERT level=LOW rule=short_lived_failure container=order-processor-auth_service pid=136356 ppid=136350 uid=0 comm=mkdir msg=Process exited quickly with error — possible failed exploit
[2026-04-20 17:52:37] ALERT level=LOW rule=short_lived_failure container=order-processor-auth_service pid=136350 ppid=2868372 uid=0 comm=bash msg=Process exited quickly with error — possible failed exploit
[2026-04-20 17:52:39] ALERT level=CRITICAL rule=sensitive_file_access container=order-processor-auth_service pid=136401 ppid=2868372 uid=1000 comm=cat msg=Container accessed SSH credential file: /root/.ssh/id_rsa
[2026-04-20 17:52:39] ALERT level=LOW rule=short_lived_failure container=order-processor-auth_service pid=136401 ppid=136382 uid=0 comm=cat msg=Process exited quickly with error — possible failed exploit
[2026-04-20 17:52:42] ALERT level=HIGH rule=unauthorized_external_connect container=order-processor-auth_service pid=136430 ppid=2868372 uid=1000 comm=python3 msg=Container made unauthorized external connection to 8.8.8.8:80
[2026-04-20 17:52:47] ALERT level=LOW rule=external_connect_allowed container=order-processor-inventory_service pid=136475 ppid=2868312 uid=0 comm=python3 msg=order-processor-inventory_service external connect to 209.97.132.148:443 (expected: api.coingecko.com)
[2026-04-20 17:52:50] ALERT level=CRITICAL rule=host_reads_container_fs container=host pid=136520 ppid=136108 uid=0 comm=cat msg=Host process accessed Docker container filesystem: /var/lib/docker/overlay2/f86f442928dac89c8f6c8b68cd1d75aef96c870a79afe538757be46bbd9d0714/merged/etc/hostname
[2026-04-20 17:53:19] ALERT level=LOW rule=external_connect_allowed container=order-processor-inventory_service pid=2868345 ppid=2868312 uid=0 comm=python msg=order-processor-inventory_service external connect to 104.20.41.132:443 (expected: api.coingecko.com)
[2026-04-20 17:53:19] ALERT level=LOW rule=external_connect_allowed container=order-processor-inventory_service pid=2868345 ppid=2868312 uid=0 comm=python msg=order-processor-inventory_service external connect to 172.66.172.219:443 (expected: api.coingecko.com)
[2026-04-20 17:53:19] ALERT level=LOW rule=external_connect_allowed container=order-processor-inventory_service pid=2868345 ppid=2868312 uid=0 comm=python msg=order-processor-inventory_service external connect to 104.20.41.132:443 (expected: api.coingecko.com)
[2026-04-20 17:58:19] ALERT level=CRITICAL rule=shell_spawn_container container=order-processor-auth_service pid=138379 ppid=2868372 uid=1000 comm=/usr/bin/bash msg=Shell spawned from container — possible RCE
[2026-04-20 17:58:19] ALERT level=MEDIUM rule=sensitive_file_access container=order-processor-auth_service pid=138379 ppid=2868372 uid=1000 comm=bash msg=Container accessed system file: /etc/passwd
[2026-04-20 17:58:22] ALERT level=LOW rule=short_lived_failure container=order-processor-auth_service pid=138438 ppid=138429 uid=0 comm=apt-get msg=Process exited quickly with error — possible failed exploit
[2026-04-20 17:58:26] ALERT level=HIGH rule=sensitive_file_access container=order-processor-auth_service pid=138487 ppid=2868372 uid=1000 comm=cat msg=Container accessed sensitive file: /etc/shadow
[2026-04-20 17:58:26] ALERT level=LOW rule=short_lived_failure container=order-processor-auth_service pid=138487 ppid=2868372 uid=0 comm=cat msg=Process exited quickly with error — possible failed exploit
[2026-04-20 17:58:29] ALERT level=CRITICAL rule=shell_spawn_container container=order-processor-auth_service pid=138510 ppid=2868372 uid=1000 comm=/usr/bin/bash msg=Shell spawned from container — possible RCE
[2026-04-20 17:58:29] ALERT level=MEDIUM rule=sensitive_file_access container=order-processor-auth_service pid=138510 ppid=2868372 uid=1000 comm=bash msg=Container accessed system file: /etc/passwd
[2026-04-20 17:58:29] ALERT level=LOW rule=short_lived_failure container=order-processor-auth_service pid=138516 ppid=138510 uid=0 comm=mkdir msg=Process exited quickly with error — possible failed exploit
[2026-04-20 17:58:29] ALERT level=LOW rule=short_lived_failure container=order-processor-auth_service pid=138510 ppid=2868372 uid=0 comm=bash msg=Process exited quickly with error — possible failed exploit
[2026-04-20 17:58:30] ALERT level=CRITICAL rule=sensitive_file_access container=order-processor-auth_service pid=138533 ppid=2868372 uid=1000 comm=cat msg=Container accessed SSH credential file: /root/.ssh/id_rsa
[2026-04-20 17:58:30] ALERT level=LOW rule=short_lived_failure container=order-processor-auth_service pid=138533 ppid=2868372 uid=0 comm=cat msg=Process exited quickly with error — possible failed exploit
[2026-04-20 17:58:31] ALERT level=LOW rule=external_connect_allowed container=order-processor-inventory_service pid=2868345 ppid=2868312 uid=0 comm=python msg=order-processor-inventory_service external connect to 172.66.172.219:443 (expected: api.coingecko.com)
[2026-04-20 17:58:31] ALERT level=LOW rule=external_connect_allowed container=order-processor-inventory_service pid=2868345 ppid=2868312 uid=0 comm=python msg=order-processor-inventory_service external connect to 104.20.41.132:443 (expected: api.coingecko.com)
[2026-04-20 17:58:31] ALERT level=LOW rule=external_connect_allowed container=order-processor-inventory_service pid=2868345 ppid=2868312 uid=0 comm=python msg=order-processor-inventory_service external connect to 172.66.172.219:443 (expected: api.coingecko.com)
[2026-04-20 17:58:33] ALERT level=HIGH rule=unauthorized_external_connect container=order-processor-auth_service pid=138586 ppid=2868372 uid=1000 comm=python3 msg=Container made unauthorized external connection to 8.8.8.8:80
[2026-04-20 17:58:39] ALERT level=LOW rule=external_connect_allowed container=order-processor-inventory_service pid=138636 ppid=2868312 uid=0 comm=python3 msg=order-processor-inventory_service external connect to 209.97.132.148:443 (expected: api.coingecko.com)
[2026-04-20 17:58:42] ALERT level=CRITICAL rule=host_reads_container_fs container=host pid=138698 ppid=138263 uid=0 comm=cat msg=Host process accessed Docker container filesystem: /var/lib/docker/overlay2/f86f442928dac89c8f6c8b68cd1d75aef96c870a79afe538757be46bbd9d0714/merged/etc/hostname
[2026-04-20 18:14:33] ALERT level=CRITICAL rule=shell_spawn_container container=order-processor-auth_service pid=144787 ppid=144777 uid=1000 comm=/usr/bin/bash msg=Shell spawned from container — possible RCE
[2026-04-20 18:14:33] ALERT level=MEDIUM rule=sensitive_file_access container=order-processor-auth_service pid=144787 ppid=2868372 uid=1000 comm=bash msg=Container accessed system file: /etc/passwd
[2026-04-20 18:14:37] ALERT level=LOW rule=short_lived_failure container=order-processor-auth_service pid=144873 ppid=2868372 uid=0 comm=apt-get msg=Process exited quickly with error — possible failed exploit
[2026-04-20 18:14:40] ALERT level=HIGH rule=sensitive_file_access container=order-processor-auth_service pid=144918 ppid=2868372 uid=1000 comm=cat msg=Container accessed sensitive file: /etc/shadow
[2026-04-20 18:14:40] ALERT level=LOW rule=short_lived_failure container=order-processor-auth_service pid=144918 ppid=2868372 uid=0 comm=cat msg=Process exited quickly with error — possible failed exploit
[2026-04-20 18:14:43] ALERT level=CRITICAL rule=shell_spawn_container container=order-processor-auth_service pid=144975 ppid=144965 uid=1000 comm=/usr/bin/bash msg=Shell spawned from container — possible RCE
[2026-04-20 18:14:43] ALERT level=MEDIUM rule=sensitive_file_access container=order-processor-auth_service pid=144975 ppid=2868372 uid=1000 comm=bash msg=Container accessed system file: /etc/passwd
[2026-04-20 18:14:43] ALERT level=LOW rule=short_lived_failure container=order-processor-auth_service pid=144981 ppid=144975 uid=0 comm=mkdir msg=Process exited quickly with error — possible failed exploit
[2026-04-20 18:14:43] ALERT level=LOW rule=short_lived_failure container=order-processor-auth_service pid=144975 ppid=144965 uid=0 comm=bash msg=Process exited quickly with error — possible failed exploit
[2026-04-20 18:14:44] ALERT level=CRITICAL rule=sensitive_file_access container=order-processor-auth_service pid=145031 ppid=2868372 uid=1000 comm=cat msg=Container accessed SSH credential file: /root/.ssh/id_rsa
[2026-04-20 18:14:44] ALERT level=LOW rule=short_lived_failure container=order-processor-auth_service pid=145031 ppid=2868372 uid=0 comm=cat msg=Process exited quickly with error — possible failed exploit
[2026-04-20 18:14:48] ALERT level=HIGH rule=unauthorized_external_connect container=order-processor-auth_service pid=145061 ppid=2868372 uid=1000 comm=python3 msg=Container made unauthorized external connection to 8.8.8.8:80
[2026-04-20 18:14:53] ALERT level=LOW rule=external_connect_allowed container=order-processor-inventory_service pid=145087 ppid=2868312 uid=0 comm=python3 msg=order-processor-inventory_service external connect to 209.97.132.148:443 (expected: api.coingecko.com)
[2026-04-20 18:14:56] ALERT level=CRITICAL rule=host_reads_container_fs container=host pid=145150 ppid=144701 uid=0 comm=cat msg=Host process accessed Docker container filesystem: /var/lib/docker/overlay2/f86f442928dac89c8f6c8b68cd1d75aef96c870a79afe538757be46bbd9d0714/merged/etc/hostname
[2026-04-20 18:18:38] ALERT level=CRITICAL rule=shell_spawn_container container=order-processor-auth_service pid=146433 ppid=146423 uid=1000 comm=/usr/bin/bash msg=Shell spawned from container — possible RCE
[2026-04-20 18:18:38] ALERT level=MEDIUM rule=sensitive_file_access container=order-processor-auth_service pid=146433 ppid=2868372 uid=1000 comm=bash msg=Container accessed system file: /etc/passwd
[2026-04-20 18:18:45] ALERT level=HIGH rule=sensitive_file_access container=order-processor-auth_service pid=146591 ppid=2868372 uid=1000 comm=cat msg=Container accessed sensitive file: /etc/shadow
[2026-04-20 18:18:45] ALERT level=LOW rule=short_lived_failure container=order-processor-auth_service pid=146591 ppid=146582 uid=0 comm=cat msg=Process exited quickly with error — possible failed exploit
[2026-04-20 18:18:46] ALERT level=HIGH rule=sensitive_file_access container=unknown-ns pid=399 ppid=1 uid=0 comm=systemd-logind msg=Container accessed sensitive file: /proc/1/cgroup
[2026-04-20 18:18:48] ALERT level=CRITICAL rule=shell_spawn_container container=order-processor-auth_service pid=146780 ppid=2868372 uid=1000 comm=/usr/bin/bash msg=Shell spawned from container — possible RCE
[2026-04-20 18:18:48] ALERT level=LOW rule=short_lived_failure container=order-processor-auth_service pid=146786 ppid=146780 uid=0 comm=mkdir msg=Process exited quickly with error — possible failed exploit
[2026-04-20 18:18:48] ALERT level=MEDIUM rule=sensitive_file_access container=unknown-ns pid=399 ppid=1 uid=0 comm=systemd-logind msg=Container accessed system file: /etc/passwd
[2026-04-20 18:18:50] ALERT level=CRITICAL rule=sensitive_file_access container=order-processor-auth_service pid=146862 ppid=2868372 uid=1000 comm=cat msg=Container accessed SSH credential file: /root/.ssh/id_rsa
[2026-04-20 18:18:50] ALERT level=LOW rule=short_lived_failure container=order-processor-auth_service pid=146862 ppid=2868372 uid=0 comm=cat msg=Process exited quickly with error — possible failed exploit
[2026-04-20 18:18:53] ALERT level=HIGH rule=unauthorized_external_connect container=order-processor-auth_service pid=146889 ppid=2868372 uid=1000 comm=python3 msg=Container made unauthorized external connection to 8.8.8.8:80
[2026-04-20 18:18:58] ALERT level=LOW rule=external_connect_allowed container=order-processor-inventory_service pid=146960 ppid=2868312 uid=0 comm=python3 msg=order-processor-inventory_service external connect to 209.97.132.148:443 (expected: api.coingecko.com)
[2026-04-20 18:19:01] ALERT level=CRITICAL rule=host_reads_container_fs container=host pid=146975 ppid=146274 uid=0 comm=cat msg=Host process accessed Docker container filesystem: /var/lib/docker/overlay2/f86f442928dac89c8f6c8b68cd1d75aef96c870a79afe538757be46bbd9d0714/merged/etc/hostname
[2026-04-20 18:19:03] ALERT level=LOW rule=short_lived_failure container=order-processor-auth_service pid=147011 ppid=147002 uid=0 comm=apt-get msg=Process exited quickly with error — possible failed exploit
[2026-04-20 18:19:21] ALERT level=LOW rule=external_connect_allowed container=order-processor-inventory_service pid=2868345 ppid=2868312 uid=0 comm=python msg=order-processor-inventory_service external connect to 104.20.41.132:443 (expected: api.coingecko.com)
[2026-04-20 18:19:21] ALERT level=LOW rule=external_connect_allowed container=order-processor-inventory_service pid=2868345 ppid=2868312 uid=0 comm=python msg=order-processor-inventory_service external connect to 172.66.172.219:443 (expected: api.coingecko.com)
[2026-04-20 18:19:21] ALERT level=LOW rule=external_connect_allowed container=order-processor-inventory_service pid=2868345 ppid=2868312 uid=0 comm=python msg=order-processor-inventory_service external connect to 104.20.41.132:443 (expected: api.coingecko.com)
[2026-04-20 18:19:33] ALERT level=LOW rule=short_lived_failure container=unknown pid=147195 ppid=146618 uid=0 comm=bash msg=Process exited quickly with error — possible failed exploit
[2026-04-20 18:19:44] ALERT level=LOW rule=short_lived_failure container=unknown pid=147278 ppid=146618 uid=0 comm=bash msg=Process exited quickly with error — possible failed exploit
[2026-04-20 18:19:45] ALERT level=LOW rule=short_lived_failure container=unknown pid=147281 ppid=146618 uid=0 comm=bash msg=Process exited quickly with error — possible failed exploit
[2026-04-20 18:19:47] ALERT level=LOW rule=short_lived_failure container=unknown pid=147283 ppid=146618 uid=0 comm=bash msg=Process exited quickly with error — possible failed exploit
[2026-04-20 18:30:52] ALERT level=CRITICAL rule=shell_spawn_container container=order-processor-auth_service pid=151791 ppid=151782 uid=1000 comm=/usr/bin/bash msg=Shell spawned from container — possible RCE
[2026-04-20 18:30:52] ALERT level=MEDIUM rule=sensitive_file_access container=order-processor-auth_service pid=151791 ppid=2868372 uid=1000 comm=bash msg=Container accessed system file: /etc/passwd
[2026-04-20 18:30:55] ALERT level=LOW rule=short_lived_failure container=order-processor-auth_service pid=151832 ppid=2868372 uid=0 comm=which msg=Process exited quickly with error — possible failed exploit
[2026-04-20 18:30:55] ALERT level=LOW rule=short_lived_failure container=order-processor-auth_service pid=151852 ppid=2868372 uid=0 comm=which msg=Process exited quickly with error — possible failed exploit
[2026-04-20 18:30:56] ALERT level=LOW rule=short_lived_failure container=order-processor-auth_service pid=151899 ppid=151889 uid=0 comm=apt-get msg=Process exited quickly with error — possible failed exploit
[2026-04-20 18:30:59] ALERT level=HIGH rule=sensitive_file_access container=order-processor-auth_service pid=151993 ppid=2868372 uid=1000 comm=cat msg=Container accessed sensitive file: /etc/shadow
[2026-04-20 18:30:59] ALERT level=LOW rule=short_lived_failure container=order-processor-auth_service pid=151993 ppid=151984 uid=0 comm=cat msg=Process exited quickly with error — possible failed exploit
[2026-04-20 18:31:02] ALERT level=CRITICAL rule=shell_spawn_container container=order-processor-auth_service pid=152018 ppid=2868372 uid=1000 comm=/usr/bin/bash msg=Shell spawned from container — possible RCE
[2026-04-20 18:31:02] ALERT level=MEDIUM rule=sensitive_file_access container=order-processor-auth_service pid=152018 ppid=2868372 uid=1000 comm=bash msg=Container accessed system file: /etc/passwd
[2026-04-20 18:31:02] ALERT level=LOW rule=short_lived_failure container=order-processor-auth_service pid=152024 ppid=152018 uid=0 comm=mkdir msg=Process exited quickly with error — possible failed exploit
[2026-04-20 18:31:02] ALERT level=LOW rule=short_lived_failure container=order-processor-auth_service pid=152018 ppid=2868372 uid=0 comm=bash msg=Process exited quickly with error — possible failed exploit
[2026-04-20 18:31:03] ALERT level=CRITICAL rule=sensitive_file_access container=order-processor-auth_service pid=152041 ppid=2868372 uid=1000 comm=cat msg=Container accessed SSH credential file: /root/.ssh/id_rsa
[2026-04-20 18:31:03] ALERT level=LOW rule=short_lived_failure container=order-processor-auth_service pid=152041 ppid=152032 uid=0 comm=cat msg=Process exited quickly with error — possible failed exploit
[2026-04-20 18:31:07] ALERT level=HIGH rule=unauthorized_external_connect container=order-processor-auth_service pid=152083 ppid=2868372 uid=1000 comm=python3 msg=Container made unauthorized external connection to 8.8.8.8:80
[2026-04-20 18:31:12] ALERT level=LOW rule=external_connect_allowed container=order-processor-inventory_service pid=152159 ppid=2868312 uid=0 comm=python3 msg=order-processor-inventory_service external connect to 209.97.132.148:443 (expected: api.coingecko.com)
[2026-04-20 18:31:15] ALERT level=CRITICAL rule=host_reads_container_fs container=host pid=152175 ppid=151681 uid=0 comm=cat msg=Host process accessed Docker container filesystem: /var/lib/docker/overlay2/f86f442928dac89c8f6c8b68cd1d75aef96c870a79afe538757be46bbd9d0714/merged/etc/hostname
[2026-04-20 18:31:58] ALERT level=LOW rule=short_lived_failure container=order-processor-auth_service pid=152471 ppid=152462 uid=0 comm=apt-get msg=Process exited quickly with error — possible failed exploit
[2026-04-20 18:32:50] ALERT level=LOW rule=short_lived_failure container=order-processor-auth_service pid=152744 ppid=152734 uid=0 comm=apt-get msg=Process exited quickly with error — possible failed exploit
[2026-04-20 18:41:07] ALERT level=CRITICAL rule=shell_spawn_container container=order-processor-auth_service pid=155884 ppid=155875 uid=1000 comm=/usr/bin/bash msg=Shell spawned from container — possible RCE
[2026-04-20 18:41:11] ALERT level=LOW rule=short_lived_failure container=order-processor-auth_service pid=155993 ppid=155983 uid=0 comm=apt-get msg=Process exited quickly with error — possible failed exploit
[2026-04-20 18:41:14] ALERT level=HIGH rule=sensitive_file_access container=order-processor-auth_service pid=156075 ppid=2868372 uid=1000 comm=cat msg=Container accessed sensitive file: /etc/shadow
[2026-04-20 18:41:14] ALERT level=LOW rule=short_lived_failure container=order-processor-auth_service pid=156075 ppid=2868372 uid=0 comm=cat msg=Process exited quickly with error — possible failed exploit
[2026-04-20 18:41:18] ALERT level=CRITICAL rule=shell_spawn_container container=order-processor-auth_service pid=156105 ppid=2868372 uid=1000 comm=/usr/bin/bash msg=Shell spawned from container — possible RCE
[2026-04-20 18:41:18] ALERT level=LOW rule=short_lived_failure container=order-processor-auth_service pid=156105 ppid=2868372 uid=0 comm=bash msg=Process exited quickly with error — possible failed exploit
[2026-04-20 18:41:19] ALERT level=CRITICAL rule=sensitive_file_access container=order-processor-auth_service pid=156146 ppid=2868372 uid=1000 comm=cat msg=Container accessed SSH credential file: /root/.ssh/id_rsa
[2026-04-20 18:41:19] ALERT level=LOW rule=short_lived_failure container=order-processor-auth_service pid=156146 ppid=2868372 uid=0 comm=cat msg=Process exited quickly with error — possible failed exploit
[2026-04-20 18:41:22] ALERT level=HIGH rule=unauthorized_external_connect container=order-processor-auth_service pid=156171 ppid=2868372 uid=1000 comm=python3 msg=Container made unauthorized external connection to 8.8.8.8:80
[2026-04-20 18:41:27] ALERT level=LOW rule=external_connect_allowed container=order-processor-inventory_service pid=156246 ppid=2868312 uid=0 comm=python3 msg=order-processor-inventory_service external connect to 209.97.132.148:443 (expected: api.coingecko.com)
[2026-04-20 18:41:31] ALERT level=CRITICAL rule=host_reads_container_fs container=host pid=156263 ppid=155799 uid=0 comm=cat msg=Host process accessed Docker container filesystem: /var/lib/docker/overlay2/f86f442928dac89c8f6c8b68cd1d75aef96c870a79afe538757be46bbd9d0714/merged/etc/hostname
[2026-04-20 18:42:13] ALERT level=LOW rule=short_lived_failure container=order-processor-auth_service pid=156516 ppid=156507 uid=0 comm=apt-get msg=Process exited quickly with error — possible failed exploit
[2026-04-20 18:42:17] ALERT level=LOW rule=short_lived_failure container=order-processor-auth_service pid=156569 ppid=156560 uid=0 comm=apt-get msg=Process exited quickly with error — possible failed exploit
[2026-04-20 19:16:17] ALERT level=CRITICAL rule=shell_spawn_container container=order-processor-auth_service pid=168449 ppid=2868372 uid=1000 comm=/usr/bin/bash msg=Shell spawned from container — possible RCE
[2026-04-20 19:16:21] ALERT level=LOW rule=short_lived_failure container=order-processor-auth_service pid=168575 ppid=2868372 uid=0 comm=apt-get msg=Process exited quickly with error — possible failed exploit
[2026-04-20 19:16:23] ALERT level=LOW rule=external_connect_allowed container=order-processor-inventory_service pid=2868345 ppid=2868312 uid=0 comm=python msg=order-processor-inventory_service external connect to 172.66.172.219:443 (expected: api.coingecko.com)
[2026-04-20 19:16:23] ALERT level=LOW rule=external_connect_allowed container=order-processor-inventory_service pid=2868345 ppid=2868312 uid=0 comm=python msg=order-processor-inventory_service external connect to 104.20.41.132:443 (expected: api.coingecko.com)
[2026-04-20 19:16:23] ALERT level=LOW rule=external_connect_allowed container=order-processor-inventory_service pid=2868345 ppid=2868312 uid=0 comm=python msg=order-processor-inventory_service external connect to 172.66.172.219:443 (expected: api.coingecko.com)
[2026-04-20 19:16:24] ALERT level=HIGH rule=sensitive_file_access container=order-processor-auth_service pid=168619 ppid=2868372 uid=1000 comm=cat msg=Container accessed sensitive file: /etc/shadow
[2026-04-20 19:16:24] ALERT level=LOW rule=short_lived_failure container=order-processor-auth_service pid=168619 ppid=2868372 uid=0 comm=cat msg=Process exited quickly with error — possible failed exploit
[2026-04-20 19:16:27] ALERT level=CRITICAL rule=shell_spawn_container container=order-processor-auth_service pid=168662 ppid=168653 uid=1000 comm=/usr/bin/bash msg=Shell spawned from container — possible RCE
[2026-04-20 19:16:27] ALERT level=LOW rule=short_lived_failure container=order-processor-auth_service pid=168662 ppid=168653 uid=0 comm=bash msg=Process exited quickly with error — possible failed exploit
[2026-04-20 19:16:29] ALERT level=CRITICAL rule=sensitive_file_access container=order-processor-auth_service pid=168710 ppid=2868372 uid=1000 comm=cat msg=Container accessed SSH credential file: /root/.ssh/id_rsa
[2026-04-20 19:16:32] ALERT level=HIGH rule=unauthorized_external_connect container=order-processor-auth_service pid=168749 ppid=2868372 uid=1000 comm=python3 msg=Container made unauthorized external connection to 8.8.8.8:80
[2026-04-20 19:16:37] ALERT level=LOW rule=external_connect_allowed container=order-processor-inventory_service pid=168775 ppid=2868312 uid=0 comm=python3 msg=order-processor-inventory_service external connect to 209.97.132.148:443 (expected: api.coingecko.com)
[2026-04-20 19:16:41] ALERT level=CRITICAL rule=host_reads_container_fs container=host pid=168794 ppid=168339 uid=0 comm=cat msg=Host process accessed Docker container filesystem: /var/lib/docker/overlay2/f86f442928dac89c8f6c8b68cd1d75aef96c870a79afe538757be46bbd9d0714/merged/etc/hostname
[2026-04-20 19:20:59] ALERT level=CRITICAL rule=shell_spawn_container container=order-processor-auth_service pid=170954 ppid=2868372 uid=1000 comm=/usr/bin/bash msg=Shell spawned from container — possible RCE
[2026-04-20 19:21:06] ALERT level=HIGH rule=sensitive_file_access container=order-processor-auth_service pid=171154 ppid=2868372 uid=1000 comm=cat msg=Container accessed sensitive file: /etc/shadow
[2026-04-20 19:21:09] ALERT level=CRITICAL rule=shell_spawn_container container=order-processor-auth_service pid=171183 ppid=2868372 uid=1000 comm=/usr/bin/bash msg=Shell spawned from container — possible RCE
[2026-04-20 19:21:10] ALERT level=CRITICAL rule=sensitive_file_access container=order-processor-auth_service pid=171208 ppid=2868372 uid=1000 comm=cat msg=Container accessed SSH credential file: /root/.ssh/id_rsa
[2026-04-20 19:21:14] ALERT level=HIGH rule=unauthorized_external_connect container=order-processor-auth_service pid=171232 ppid=2868372 uid=1000 comm=python3 msg=Container made unauthorized external connection to 8.8.8.8:80
[2026-04-20 19:21:19] ALERT level=LOW rule=external_connect_allowed container=order-processor-inventory_service pid=171301 ppid=2868312 uid=0 comm=python3 msg=order-processor-inventory_service external connect to 209.97.132.148:443 (expected: api.coingecko.com)
[2026-04-20 19:21:22] ALERT level=CRITICAL rule=host_reads_container_fs container=host pid=171318 ppid=170839 uid=0 comm=cat msg=Host process accessed Docker container filesystem: /var/lib/docker/overlay2/f86f442928dac89c8f6c8b68cd1d75aef96c870a79afe538757be46bbd9d0714/merged/etc/hostname
[2026-04-20 19:21:39] ALERT level=LOW rule=external_connect_allowed container=order-processor-inventory_service pid=2868345 ppid=2868312 uid=0 comm=python msg=order-processor-inventory_service external connect to 104.20.41.132:443 (expected: api.coingecko.com)
[2026-04-20 19:21:39] ALERT level=LOW rule=external_connect_allowed container=order-processor-inventory_service pid=2868345 ppid=2868312 uid=0 comm=python msg=order-processor-inventory_service external connect to 172.66.172.219:443 (expected: api.coingecko.com)
[2026-04-20 19:21:39] ALERT level=LOW rule=external_connect_allowed container=order-processor-inventory_service pid=2868345 ppid=2868312 uid=0 comm=python msg=order-processor-inventory_service external connect to 104.20.41.132:443 (expected: api.coingecko.com)
[2026-04-20 20:05:41] ALERT level=CRITICAL rule=shell_spawn_container container=order-processor-auth_service pid=187155 ppid=2868372 uid=1000 comm=/usr/bin/bash msg=Shell spawned from container — possible RCE
[2026-04-20 20:05:48] ALERT level=HIGH rule=sensitive_file_access container=order-processor-auth_service pid=187324 ppid=2868372 uid=1000 comm=cat msg=Container accessed sensitive file: /etc/shadow
[2026-04-20 20:05:51] ALERT level=CRITICAL rule=shell_spawn_container container=order-processor-auth_service pid=187365 ppid=2868372 uid=1000 comm=/usr/bin/bash msg=Shell spawned from container — possible RCE
[2026-04-20 20:05:52] ALERT level=CRITICAL rule=sensitive_file_access container=order-processor-auth_service pid=187388 ppid=2868372 uid=1000 comm=cat msg=Container accessed SSH credential file: /root/.ssh/id_rsa
[2026-04-20 20:05:56] ALERT level=HIGH rule=unauthorized_external_connect container=order-processor-auth_service pid=187411 ppid=2868372 uid=1000 comm=python3 msg=Container made unauthorized external connection to 8.8.8.8:80
[2026-04-20 20:06:01] ALERT level=LOW rule=external_connect_allowed container=order-processor-inventory_service pid=187500 ppid=2868312 uid=0 comm=python3 msg=order-processor-inventory_service external connect to 209.97.132.148:443 (expected: api.coingecko.com)
[2026-04-20 20:06:04] ALERT level=CRITICAL rule=host_reads_container_fs container=host pid=187513 ppid=187037 uid=0 comm=cat msg=Host process accessed Docker container filesystem: /var/lib/docker/overlay2/f86f442928dac89c8f6c8b68cd1d75aef96c870a79afe538757be46bbd9d0714/merged/etc/hostname
[2026-05-31 17:08:04] ALERT level=HIGH rule=unauthorized_external_connect runtime=docker service=inventory_service env= state=resolved pod=order-processor-inventory_service namespace= pid=2868345 ppid=2868312 uid=0 comm=python dst=104.20.41.132:443 msg=Container made unauthorized external connection to 104.20.41.132:443
[2026-05-31 17:08:04] ALERT level=HIGH rule=unauthorized_external_connect runtime=docker service=inventory_service env= state=resolved pod=order-processor-inventory_service namespace= pid=2868345 ppid=2868312 uid=0 comm=python dst=172.66.172.219:443 msg=Container made unauthorized external connection to 172.66.172.219:443
[2026-05-31 17:08:04] ALERT level=HIGH rule=unauthorized_external_connect runtime=docker service=inventory_service env= state=resolved pod=order-processor-inventory_service namespace= pid=2868345 ppid=2868312 uid=0 comm=python dst=104.20.41.132:443 msg=Container made unauthorized external connection to 104.20.41.132:443
[2026-05-31 17:08:24] ALERT level=CRITICAL rule=shell_spawn_container runtime=docker service=auth_service env= state=resolved pod=order-processor-auth_service namespace= pid=3718047 ppid=3718038 uid=1000 comm=/usr/bin/bash msg=Shell spawned from container — possible RCE
[2026-05-31 17:08:31] ALERT level=HIGH rule=sensitive_file_access runtime=docker service=auth_service env= state=resolved pod=order-processor-auth_service namespace= pid=3718244 ppid=2868372 uid=1000 comm=cat filename=/etc/shadow msg=Container accessed sensitive file: /etc/shadow
[2026-05-31 17:08:34] ALERT level=CRITICAL rule=shell_spawn_container runtime=docker service=auth_service env= state=resolved pod=order-processor-auth_service namespace= pid=3718287 ppid=3718278 uid=1000 comm=/usr/bin/bash msg=Shell spawned from container — possible RCE
[2026-05-31 17:08:36] ALERT level=CRITICAL rule=sensitive_file_access runtime=docker service=auth_service env= state=resolved pod=order-processor-auth_service namespace= pid=3718333 ppid=2868372 uid=1000 comm=cat filename=/root/.ssh/id_rsa msg=Container accessed SSH credential file: /root/.ssh/id_rsa
[2026-05-31 17:08:39] ALERT level=HIGH rule=unauthorized_external_connect runtime=docker service=auth_service env= state=resolved pod=order-processor-auth_service namespace= pid=3718361 ppid=2868372 uid=1000 comm=python3 dst=8.8.8.8:80 msg=Container made unauthorized external connection to 8.8.8.8:80
[2026-05-31 17:08:44] ALERT level=HIGH rule=unauthorized_external_connect runtime=docker service=inventory_service env= state=resolved pod=order-processor-inventory_service namespace= pid=3718437 ppid=2868312 uid=0 comm=python3 dst=209.97.132.148:443 msg=Container made unauthorized external connection to 209.97.132.148:443
[2026-05-31 17:08:47] ALERT level=CRITICAL rule=host_reads_container_fs runtime=docker service=host env= state=host pod= namespace= pid=3718464 ppid=3717896 uid=0 comm=cat filename=/var/lib/docker/overlay2/f86f442928dac89c8f6c8b68cd1d75aef96c870a79afe538757be46bbd9d0714/merged/etc/hostname msg=Host process accessed container filesystem: /var/lib/docker/overlay2/f86f442928dac89c8f6c8b68cd1d75aef96c870a79afe538757be46bbd9d0714/merged/etc/hostname
[2026-05-31 17:08:51] ALERT level=MEDIUM rule=sensitive_file_access runtime=docker service=auth_service env= state=resolved pod=order-processor-auth_service namespace= pid=3718504 ppid=2868372 uid=1000 comm=cat filename=/etc/passwd msg=Container accessed system file: /etc/passwd
[2026-05-31 17:13:14] ALERT level=HIGH rule=unauthorized_external_connect runtime=docker service=inventory_service env= state=resolved pod=order-processor-inventory_service namespace= pid=2868345 ppid=2868312 uid=0 comm=python dst=104.20.41.132:443 msg=Container made unauthorized external connection to 104.20.41.132:443
[2026-05-31 17:13:14] ALERT level=HIGH rule=unauthorized_external_connect runtime=docker service=inventory_service env= state=resolved pod=order-processor-inventory_service namespace= pid=2868345 ppid=2868312 uid=0 comm=python dst=172.66.172.219:443 msg=Container made unauthorized external connection to 172.66.172.219:443
[2026-05-31 17:13:14] ALERT level=HIGH rule=unauthorized_external_connect runtime=docker service=inventory_service env= state=resolved pod=order-processor-inventory_service namespace= pid=2868345 ppid=2868312 uid=0 comm=python dst=104.20.41.132:443 msg=Container made unauthorized external connection to 104.20.41.132:443
[2026-05-31 17:18:27] ALERT level=HIGH rule=unauthorized_external_connect runtime=docker service=inventory_service env= state=resolved pod=order-processor-inventory_service namespace= pid=2868345 ppid=2868312 uid=0 comm=python dst=104.20.41.132:443 msg=Container made unauthorized external connection to 104.20.41.132:443
[2026-05-31 17:18:27] ALERT level=HIGH rule=unauthorized_external_connect runtime=docker service=inventory_service env= state=resolved pod=order-processor-inventory_service namespace= pid=2868345 ppid=2868312 uid=0 comm=python dst=172.66.172.219:443 msg=Container made unauthorized external connection to 172.66.172.219:443
[2026-05-31 17:18:27] ALERT level=HIGH rule=unauthorized_external_connect runtime=docker service=inventory_service env= state=resolved pod=order-processor-inventory_service namespace= pid=2868345 ppid=2868312 uid=0 comm=python dst=104.20.41.132:443 msg=Container made unauthorized external connection to 104.20.41.132:443
[2026-05-31 17:23:38] ALERT level=HIGH rule=unauthorized_external_connect runtime=docker service=inventory_service env= state=resolved pod=order-processor-inventory_service namespace= pid=2868345 ppid=2868312 uid=0 comm=python dst=104.20.41.132:443 msg=Container made unauthorized external connection to 104.20.41.132:443
[2026-05-31 17:23:38] ALERT level=HIGH rule=unauthorized_external_connect runtime=docker service=inventory_service env= state=resolved pod=order-processor-inventory_service namespace= pid=2868345 ppid=2868312 uid=0 comm=python dst=172.66.172.219:443 msg=Container made unauthorized external connection to 172.66.172.219:443
[2026-05-31 17:23:38] ALERT level=HIGH rule=unauthorized_external_connect runtime=docker service=inventory_service env= state=resolved pod=order-processor-inventory_service namespace= pid=2868345 ppid=2868312 uid=0 comm=python dst=104.20.41.132:443 msg=Container made unauthorized external connection to 104.20.41.132:443
[2026-05-31 17:28:49] ALERT level=HIGH rule=unauthorized_external_connect runtime=docker service=inventory_service env= state=resolved pod=order-processor-inventory_service namespace= pid=2868345 ppid=2868312 uid=0 comm=python dst=104.20.41.132:443 msg=Container made unauthorized external connection to 104.20.41.132:443
[2026-05-31 17:28:49] ALERT level=HIGH rule=unauthorized_external_connect runtime=docker service=inventory_service env= state=resolved pod=order-processor-inventory_service namespace= pid=2868345 ppid=2868312 uid=0 comm=python dst=172.66.172.219:443 msg=Container made unauthorized external connection to 172.66.172.219:443
[2026-05-31 17:28:49] ALERT level=HIGH rule=unauthorized_external_connect runtime=docker service=inventory_service env= state=resolved pod=order-processor-inventory_service namespace= pid=2868345 ppid=2868312 uid=0 comm=python dst=104.20.41.132:443 msg=Container made unauthorized external connection to 104.20.41.132:443
[2026-05-31 17:34:00] ALERT level=HIGH rule=unauthorized_external_connect runtime=docker service=inventory_service env= state=resolved pod=order-processor-inventory_service namespace= pid=2868345 ppid=2868312 uid=0 comm=python dst=172.66.172.219:443 msg=Container made unauthorized external connection to 172.66.172.219:443
[2026-05-31 17:34:00] ALERT level=HIGH rule=unauthorized_external_connect runtime=docker service=inventory_service env= state=resolved pod=order-processor-inventory_service namespace= pid=2868345 ppid=2868312 uid=0 comm=python dst=104.20.41.132:443 msg=Container made unauthorized external connection to 104.20.41.132:443
[2026-05-31 17:34:00] ALERT level=HIGH rule=unauthorized_external_connect runtime=docker service=inventory_service env= state=resolved pod=order-processor-inventory_service namespace= pid=2868345 ppid=2868312 uid=0 comm=python dst=172.66.172.219:443 msg=Container made unauthorized external connection to 172.66.172.219:443
[2026-06-01 19:24:05] ALERT level=CRITICAL rule=shell_spawn_container runtime=docker service=auth_service env= state=resolved pod=order-processor-auth_service namespace= pid=64352 ppid=64343 uid=1000 comm=/usr/bin/bash msg=Shell spawned from container — possible RCE
[2026-06-01 19:24:12] ALERT level=HIGH rule=sensitive_file_access runtime=docker service=auth_service env= state=resolved pod=order-processor-auth_service namespace= pid=64518 ppid=2868372 uid=1000 comm=cat filename=/etc/shadow msg=Container accessed sensitive file: /etc/shadow
[2026-06-01 19:24:15] ALERT level=CRITICAL rule=shell_spawn_container runtime=docker service=auth_service env= state=resolved pod=order-processor-auth_service namespace= pid=64570 ppid=2868372 uid=1000 comm=/usr/bin/bash msg=Shell spawned from container — possible RCE
[2026-06-01 19:24:17] ALERT level=CRITICAL rule=sensitive_file_access runtime=docker service=auth_service env= state=resolved pod=order-processor-auth_service namespace= pid=64618 ppid=2868372 uid=1000 comm=cat filename=/root/.ssh/id_rsa msg=Container accessed SSH credential file: /root/.ssh/id_rsa
[2026-06-01 19:24:20] ALERT level=HIGH rule=unauthorized_external_connect runtime=docker service=auth_service env= state=resolved pod=order-processor-auth_service namespace= pid=64646 ppid=2868372 uid=1000 comm=python3 dst=8.8.8.8:80 msg=Container made unauthorized external connection to 8.8.8.8:80
[2026-06-01 19:24:25] ALERT level=HIGH rule=unauthorized_external_connect runtime=docker service=inventory_service env= state=resolved pod=order-processor-inventory_service namespace= pid=64743 ppid=2868312 uid=0 comm=python3 dst=209.97.132.148:443 msg=Container made unauthorized external connection to 209.97.132.148:443
[2026-06-01 19:24:28] ALERT level=CRITICAL rule=host_reads_container_fs runtime=docker service=host env= state=host pod= namespace= pid=64780 ppid=64177 uid=0 comm=cat filename=/var/lib/docker/overlay2/f86f442928dac89c8f6c8b68cd1d75aef96c870a79afe538757be46bbd9d0714/merged/etc/hostname msg=Host process accessed container filesystem: /var/lib/docker/overlay2/f86f442928dac89c8f6c8b68cd1d75aef96c870a79afe538757be46bbd9d0714/merged/etc/hostname
[2026-06-01 19:24:32] ALERT level=MEDIUM rule=sensitive_file_access runtime=docker service=auth_service env= state=resolved pod=order-processor-auth_service namespace= pid=64824 ppid=2868372 uid=1000 comm=cat filename=/etc/passwd msg=Container accessed system file: /etc/passwd
[2026-06-01 19:25:59] ALERT level=HIGH rule=unauthorized_external_connect runtime=docker service=inventory_service env= state=resolved pod=order-processor-inventory_service namespace= pid=2868345 ppid=2868312 uid=0 comm=python dst=104.20.41.132:443 msg=Container made unauthorized external connection to 104.20.41.132:443
[2026-06-01 19:25:59] ALERT level=HIGH rule=unauthorized_external_connect runtime=docker service=inventory_service env= state=resolved pod=order-processor-inventory_service namespace= pid=2868345 ppid=2868312 uid=0 comm=python dst=172.66.172.219:443 msg=Container made unauthorized external connection to 172.66.172.219:443
[2026-06-01 19:25:59] ALERT level=HIGH rule=unauthorized_external_connect runtime=docker service=inventory_service env= state=resolved pod=order-processor-inventory_service namespace= pid=2868345 ppid=2868312 uid=0 comm=python dst=104.20.41.132:443 msg=Container made unauthorized external connection to 104.20.41.132:443
[2026-06-01 19:31:12] ALERT level=HIGH rule=unauthorized_external_connect runtime=docker service=inventory_service env= state=resolved pod=order-processor-inventory_service namespace= pid=2868345 ppid=2868312 uid=0 comm=python dst=172.66.172.219:443 msg=Container made unauthorized external connection to 172.66.172.219:443
[2026-06-01 19:31:12] ALERT level=HIGH rule=unauthorized_external_connect runtime=docker service=inventory_service env= state=resolved pod=order-processor-inventory_service namespace= pid=2868345 ppid=2868312 uid=0 comm=python dst=104.20.41.132:443 msg=Container made unauthorized external connection to 104.20.41.132:443
[2026-06-01 19:31:12] ALERT level=HIGH rule=unauthorized_external_connect runtime=docker service=inventory_service env= state=resolved pod=order-processor-inventory_service namespace= pid=2868345 ppid=2868312 uid=0 comm=python dst=172.66.172.219:443 msg=Container made unauthorized external connection to 172.66.172.219:443
[2026-06-01 19:36:26] ALERT level=HIGH rule=unauthorized_external_connect runtime=docker service=inventory_service env= state=resolved pod=order-processor-inventory_service namespace= pid=2868345 ppid=2868312 uid=0 comm=python dst=172.66.172.219:443 msg=Container made unauthorized external connection to 172.66.172.219:443
[2026-06-01 19:36:26] ALERT level=HIGH rule=unauthorized_external_connect runtime=docker service=inventory_service env= state=resolved pod=order-processor-inventory_service namespace= pid=2868345 ppid=2868312 uid=0 comm=python dst=104.20.41.132:443 msg=Container made unauthorized external connection to 104.20.41.132:443
[2026-06-01 19:36:26] ALERT level=HIGH rule=unauthorized_external_connect runtime=docker service=inventory_service env= state=resolved pod=order-processor-inventory_service namespace= pid=2868345 ppid=2868312 uid=0 comm=python dst=172.66.172.219:443 msg=Container made unauthorized external connection to 172.66.172.219:443
[2026-06-01 19:41:37] ALERT level=HIGH rule=unauthorized_external_connect runtime=docker service=inventory_service env= state=resolved pod=order-processor-inventory_service namespace= pid=2868345 ppid=2868312 uid=0 comm=python dst=104.20.41.132:443 msg=Container made unauthorized external connection to 104.20.41.132:443
[2026-06-01 19:41:37] ALERT level=HIGH rule=unauthorized_external_connect runtime=docker service=inventory_service env= state=resolved pod=order-processor-inventory_service namespace= pid=2868345 ppid=2868312 uid=0 comm=python dst=172.66.172.219:443 msg=Container made unauthorized external connection to 172.66.172.219:443
[2026-06-01 19:41:37] ALERT level=HIGH rule=unauthorized_external_connect runtime=docker service=inventory_service env= state=resolved pod=order-processor-inventory_service namespace= pid=2868345 ppid=2868312 uid=0 comm=python dst=104.20.41.132:443 msg=Container made unauthorized external connection to 104.20.41.132:443
[2026-06-01 19:46:48] ALERT level=HIGH rule=unauthorized_external_connect runtime=docker service=inventory_service env= state=resolved pod=order-processor-inventory_service namespace= pid=2868345 ppid=2868312 uid=0 comm=python dst=104.20.41.132:443 msg=Container made unauthorized external connection to 104.20.41.132:443
[2026-06-01 19:46:48] ALERT level=HIGH rule=unauthorized_external_connect runtime=docker service=inventory_service env= state=resolved pod=order-processor-inventory_service namespace= pid=2868345 ppid=2868312 uid=0 comm=python dst=172.66.172.219:443 msg=Container made unauthorized external connection to 172.66.172.219:443
[2026-06-01 19:46:48] ALERT level=HIGH rule=unauthorized_external_connect runtime=docker service=inventory_service env= state=resolved pod=order-processor-inventory_service namespace= pid=2868345 ppid=2868312 uid=0 comm=python dst=104.20.41.132:443 msg=Container made unauthorized external connection to 104.20.41.132:443
[2026-06-01 19:51:59] ALERT level=HIGH rule=unauthorized_external_connect runtime=docker service=inventory_service env= state=resolved pod=order-processor-inventory_service namespace= pid=2868345 ppid=2868312 uid=0 comm=python dst=172.66.172.219:443 msg=Container made unauthorized external connection to 172.66.172.219:443
[2026-06-01 19:51:59] ALERT level=HIGH rule=unauthorized_external_connect runtime=docker service=inventory_service env= state=resolved pod=order-processor-inventory_service namespace= pid=2868345 ppid=2868312 uid=0 comm=python dst=104.20.41.132:443 msg=Container made unauthorized external connection to 104.20.41.132:443
[2026-06-01 19:51:59] ALERT level=HIGH rule=unauthorized_external_connect runtime=docker service=inventory_service env= state=resolved pod=order-processor-inventory_service namespace= pid=2868345 ppid=2868312 uid=0 comm=python dst=172.66.172.219:443 msg=Container made unauthorized external connection to 172.66.172.219:443
[2026-06-01 19:57:10] ALERT level=HIGH rule=unauthorized_external_connect runtime=docker service=inventory_service env= state=resolved pod=order-processor-inventory_service namespace= pid=2868345 ppid=2868312 uid=0 comm=python dst=104.20.41.132:443 msg=Container made unauthorized external connection to 104.20.41.132:443
[2026-06-01 19:57:10] ALERT level=HIGH rule=unauthorized_external_connect runtime=docker service=inventory_service env= state=resolved pod=order-processor-inventory_service namespace= pid=2868345 ppid=2868312 uid=0 comm=python dst=172.66.172.219:443 msg=Container made unauthorized external connection to 172.66.172.219:443
[2026-06-01 19:57:10] ALERT level=HIGH rule=unauthorized_external_connect runtime=docker service=inventory_service env= state=resolved pod=order-processor-inventory_service namespace= pid=2868345 ppid=2868312 uid=0 comm=python dst=104.20.41.132:443 msg=Container made unauthorized external connection to 104.20.41.132:443
[2026-06-01 20:02:20] ALERT level=HIGH rule=unauthorized_external_connect runtime=docker service=inventory_service env= state=resolved pod=order-processor-inventory_service namespace= pid=2868345 ppid=2868312 uid=0 comm=python dst=104.20.41.132:443 msg=Container made unauthorized external connection to 104.20.41.132:443
[2026-06-01 20:02:20] ALERT level=HIGH rule=unauthorized_external_connect runtime=docker service=inventory_service env= state=resolved pod=order-processor-inventory_service namespace= pid=2868345 ppid=2868312 uid=0 comm=python dst=172.66.172.219:443 msg=Container made unauthorized external connection to 172.66.172.219:443
[2026-06-01 20:02:20] ALERT level=HIGH rule=unauthorized_external_connect runtime=docker service=inventory_service env= state=resolved pod=order-processor-inventory_service namespace= pid=2868345 ppid=2868312 uid=0 comm=python dst=104.20.41.132:443 msg=Container made unauthorized external connection to 104.20.41.132:443
[2026-06-01 20:07:34] ALERT level=HIGH rule=unauthorized_external_connect runtime=docker service=inventory_service env= state=resolved pod=order-processor-inventory_service namespace= pid=2868345 ppid=2868312 uid=0 comm=python dst=172.66.172.219:443 msg=Container made unauthorized external connection to 172.66.172.219:443
[2026-06-01 20:07:34] ALERT level=HIGH rule=unauthorized_external_connect runtime=docker service=inventory_service env= state=resolved pod=order-processor-inventory_service namespace= pid=2868345 ppid=2868312 uid=0 comm=python dst=104.20.41.132:443 msg=Container made unauthorized external connection to 104.20.41.132:443
[2026-06-01 20:07:34] ALERT level=HIGH rule=unauthorized_external_connect runtime=docker service=inventory_service env= state=resolved pod=order-processor-inventory_service namespace= pid=2868345 ppid=2868312 uid=0 comm=python dst=172.66.172.219:443 msg=Container made unauthorized external connection to 172.66.172.219:443
[2026-06-01 20:12:45] ALERT level=HIGH rule=unauthorized_external_connect runtime=docker service=inventory_service env= state=resolved pod=order-processor-inventory_service namespace= pid=2868345 ppid=2868312 uid=0 comm=python dst=172.66.172.219:443 msg=Container made unauthorized external connection to 172.66.172.219:443
[2026-06-01 20:12:45] ALERT level=HIGH rule=unauthorized_external_connect runtime=docker service=inventory_service env= state=resolved pod=order-processor-inventory_service namespace= pid=2868345 ppid=2868312 uid=0 comm=python dst=104.20.41.132:443 msg=Container made unauthorized external connection to 104.20.41.132:443
[2026-06-01 20:12:45] ALERT level=HIGH rule=unauthorized_external_connect runtime=docker service=inventory_service env= state=resolved pod=order-processor-inventory_service namespace= pid=2868345 ppid=2868312 uid=0 comm=python dst=172.66.172.219:443 msg=Container made unauthorized external connection to 172.66.172.219:443
[2026-06-01 20:17:58] ALERT level=HIGH rule=unauthorized_external_connect runtime=docker service=inventory_service env= state=resolved pod=order-processor-inventory_service namespace= pid=2868345 ppid=2868312 uid=0 comm=python dst=172.66.172.219:443 msg=Container made unauthorized external connection to 172.66.172.219:443
[2026-06-01 20:17:58] ALERT level=HIGH rule=unauthorized_external_connect runtime=docker service=inventory_service env= state=resolved pod=order-processor-inventory_service namespace= pid=2868345 ppid=2868312 uid=0 comm=python dst=104.20.41.132:443 msg=Container made unauthorized external connection to 104.20.41.132:443
[2026-06-01 20:17:58] ALERT level=HIGH rule=unauthorized_external_connect runtime=docker service=inventory_service env= state=resolved pod=order-processor-inventory_service namespace= pid=2868345 ppid=2868312 uid=0 comm=python dst=172.66.172.219:443 msg=Container made unauthorized external connection to 172.66.172.219:443
[2026-06-01 20:23:10] ALERT level=HIGH rule=unauthorized_external_connect runtime=docker service=inventory_service env= state=resolved pod=order-processor-inventory_service namespace= pid=2868345 ppid=2868312 uid=0 comm=python dst=104.20.41.132:443 msg=Container made unauthorized external connection to 104.20.41.132:443
[2026-06-01 20:23:10] ALERT level=HIGH rule=unauthorized_external_connect runtime=docker service=inventory_service env= state=resolved pod=order-processor-inventory_service namespace= pid=2868345 ppid=2868312 uid=0 comm=python dst=172.66.172.219:443 msg=Container made unauthorized external connection to 172.66.172.219:443
[2026-06-01 20:23:10] ALERT level=HIGH rule=unauthorized_external_connect runtime=docker service=inventory_service env= state=resolved pod=order-processor-inventory_service namespace= pid=2868345 ppid=2868312 uid=0 comm=python dst=104.20.41.132:443 msg=Container made unauthorized external connection to 104.20.41.132:443
[2026-06-01 20:28:22] ALERT level=HIGH rule=unauthorized_external_connect runtime=docker service=inventory_service env= state=resolved pod=order-processor-inventory_service namespace= pid=2868345 ppid=2868312 uid=0 comm=python dst=104.20.41.132:443 msg=Container made unauthorized external connection to 104.20.41.132:443
[2026-06-01 20:28:22] ALERT level=HIGH rule=unauthorized_external_connect runtime=docker service=inventory_service env= state=resolved pod=order-processor-inventory_service namespace= pid=2868345 ppid=2868312 uid=0 comm=python dst=172.66.172.219:443 msg=Container made unauthorized external connection to 172.66.172.219:443
[2026-06-01 20:28:22] ALERT level=HIGH rule=unauthorized_external_connect runtime=docker service=inventory_service env= state=resolved pod=order-processor-inventory_service namespace= pid=2868345 ppid=2868312 uid=0 comm=python dst=104.20.41.132:443 msg=Container made unauthorized external connection to 104.20.41.132:443
[2026-06-01 20:33:33] ALERT level=HIGH rule=unauthorized_external_connect runtime=docker service=inventory_service env= state=resolved pod=order-processor-inventory_service namespace= pid=2868345 ppid=2868312 uid=0 comm=python dst=172.66.172.219:443 msg=Container made unauthorized external connection to 172.66.172.219:443
[2026-06-01 20:33:33] ALERT level=HIGH rule=unauthorized_external_connect runtime=docker service=inventory_service env= state=resolved pod=order-processor-inventory_service namespace= pid=2868345 ppid=2868312 uid=0 comm=python dst=104.20.41.132:443 msg=Container made unauthorized external connection to 104.20.41.132:443
[2026-06-01 20:33:33] ALERT level=HIGH rule=unauthorized_external_connect runtime=docker service=inventory_service env= state=resolved pod=order-processor-inventory_service namespace= pid=2868345 ppid=2868312 uid=0 comm=python dst=172.66.172.219:443 msg=Container made unauthorized external connection to 172.66.172.219:443
[2026-06-01 20:38:45] ALERT level=HIGH rule=unauthorized_external_connect runtime=docker service=inventory_service env= state=resolved pod=order-processor-inventory_service namespace= pid=2868345 ppid=2868312 uid=0 comm=python dst=104.20.41.132:443 msg=Container made unauthorized external connection to 104.20.41.132:443
[2026-06-01 20:38:45] ALERT level=HIGH rule=unauthorized_external_connect runtime=docker service=inventory_service env= state=resolved pod=order-processor-inventory_service namespace= pid=2868345 ppid=2868312 uid=0 comm=python dst=172.66.172.219:443 msg=Container made unauthorized external connection to 172.66.172.219:443
[2026-06-01 20:38:45] ALERT level=HIGH rule=unauthorized_external_connect runtime=docker service=inventory_service env= state=resolved pod=order-processor-inventory_service namespace= pid=2868345 ppid=2868312 uid=0 comm=python dst=104.20.41.132:443 msg=Container made unauthorized external connection to 104.20.41.132:443
[2026-06-01 20:43:57] ALERT level=HIGH rule=unauthorized_external_connect runtime=docker service=inventory_service env= state=resolved pod=order-processor-inventory_service namespace= pid=2868345 ppid=2868312 uid=0 comm=python dst=172.66.172.219:443 msg=Container made unauthorized external connection to 172.66.172.219:443
[2026-06-01 20:43:57] ALERT level=HIGH rule=unauthorized_external_connect runtime=docker service=inventory_service env= state=resolved pod=order-processor-inventory_service namespace= pid=2868345 ppid=2868312 uid=0 comm=python dst=104.20.41.132:443 msg=Container made unauthorized external connection to 104.20.41.132:443
[2026-06-01 20:43:57] ALERT level=HIGH rule=unauthorized_external_connect runtime=docker service=inventory_service env= state=resolved pod=order-processor-inventory_service namespace= pid=2868345 ppid=2868312 uid=0 comm=python dst=172.66.172.219:443 msg=Container made unauthorized external connection to 172.66.172.219:443
[2026-06-01 20:49:10] ALERT level=HIGH rule=unauthorized_external_connect runtime=docker service=inventory_service env= state=resolved pod=order-processor-inventory_service namespace= pid=2868345 ppid=2868312 uid=0 comm=python dst=172.66.172.219:443 msg=Container made unauthorized external connection to 172.66.172.219:443
[2026-06-01 20:49:10] ALERT level=HIGH rule=unauthorized_external_connect runtime=docker service=inventory_service env= state=resolved pod=order-processor-inventory_service namespace= pid=2868345 ppid=2868312 uid=0 comm=python dst=104.20.41.132:443 msg=Container made unauthorized external connection to 104.20.41.132:443
[2026-06-01 20:49:10] ALERT level=HIGH rule=unauthorized_external_connect runtime=docker service=inventory_service env= state=resolved pod=order-processor-inventory_service namespace= pid=2868345 ppid=2868312 uid=0 comm=python dst=172.66.172.219:443 msg=Container made unauthorized external connection to 172.66.172.219:443
[2026-06-01 20:54:21] ALERT level=HIGH rule=unauthorized_external_connect runtime=docker service=inventory_service env= state=resolved pod=order-processor-inventory_service namespace= pid=2868345 ppid=2868312 uid=0 comm=python dst=172.66.172.219:443 msg=Container made unauthorized external connection to 172.66.172.219:443
[2026-06-01 20:54:21] ALERT level=HIGH rule=unauthorized_external_connect runtime=docker service=inventory_service env= state=resolved pod=order-processor-inventory_service namespace= pid=2868345 ppid=2868312 uid=0 comm=python dst=104.20.41.132:443 msg=Container made unauthorized external connection to 104.20.41.132:443
[2026-06-01 20:54:21] ALERT level=HIGH rule=unauthorized_external_connect runtime=docker service=inventory_service env= state=resolved pod=order-processor-inventory_service namespace= pid=2868345 ppid=2868312 uid=0 comm=python dst=172.66.172.219:443 msg=Container made unauthorized external connection to 172.66.172.219:443
[2026-06-01 20:59:32] ALERT level=HIGH rule=unauthorized_external_connect runtime=docker service=inventory_service env= state=resolved pod=order-processor-inventory_service namespace= pid=2868345 ppid=2868312 uid=0 comm=python dst=104.20.41.132:443 msg=Container made unauthorized external connection to 104.20.41.132:443
[2026-06-01 20:59:32] ALERT level=HIGH rule=unauthorized_external_connect runtime=docker service=inventory_service env= state=resolved pod=order-processor-inventory_service namespace= pid=2868345 ppid=2868312 uid=0 comm=python dst=172.66.172.219:443 msg=Container made unauthorized external connection to 172.66.172.219:443
[2026-06-01 20:59:32] ALERT level=HIGH rule=unauthorized_external_connect runtime=docker service=inventory_service env= state=resolved pod=order-processor-inventory_service namespace= pid=2868345 ppid=2868312 uid=0 comm=python dst=104.20.41.132:443 msg=Container made unauthorized external connection to 104.20.41.132:443
[2026-06-01 21:04:42] ALERT level=HIGH rule=unauthorized_external_connect runtime=docker service=inventory_service env= state=resolved pod=order-processor-inventory_service namespace= pid=2868345 ppid=2868312 uid=0 comm=python dst=104.20.41.132:443 msg=Container made unauthorized external connection to 104.20.41.132:443
[2026-06-01 21:04:42] ALERT level=HIGH rule=unauthorized_external_connect runtime=docker service=inventory_service env= state=resolved pod=order-processor-inventory_service namespace= pid=2868345 ppid=2868312 uid=0 comm=python dst=172.66.172.219:443 msg=Container made unauthorized external connection to 172.66.172.219:443
[2026-06-01 21:04:42] ALERT level=HIGH rule=unauthorized_external_connect runtime=docker service=inventory_service env= state=resolved pod=order-processor-inventory_service namespace= pid=2868345 ppid=2868312 uid=0 comm=python dst=104.20.41.132:443 msg=Container made unauthorized external connection to 104.20.41.132:443
[2026-06-01 21:09:53] ALERT level=HIGH rule=unauthorized_external_connect runtime=docker service=inventory_service env= state=resolved pod=order-processor-inventory_service namespace= pid=2868345 ppid=2868312 uid=0 comm=python dst=104.20.41.132:443 msg=Container made unauthorized external connection to 104.20.41.132:443
[2026-06-01 21:09:53] ALERT level=HIGH rule=unauthorized_external_connect runtime=docker service=inventory_service env= state=resolved pod=order-processor-inventory_service namespace= pid=2868345 ppid=2868312 uid=0 comm=python dst=172.66.172.219:443 msg=Container made unauthorized external connection to 172.66.172.219:443
[2026-06-01 21:09:53] ALERT level=HIGH rule=unauthorized_external_connect runtime=docker service=inventory_service env= state=resolved pod=order-processor-inventory_service namespace= pid=2868345 ppid=2868312 uid=0 comm=python dst=104.20.41.132:443 msg=Container made unauthorized external connection to 104.20.41.132:443
[2026-06-01 21:15:05] ALERT level=HIGH rule=unauthorized_external_connect runtime=docker service=inventory_service env= state=resolved pod=order-processor-inventory_service namespace= pid=2868345 ppid=2868312 uid=0 comm=python dst=104.20.41.132:443 msg=Container made unauthorized external connection to 104.20.41.132:443
[2026-06-01 21:15:05] ALERT level=HIGH rule=unauthorized_external_connect runtime=docker service=inventory_service env= state=resolved pod=order-processor-inventory_service namespace= pid=2868345 ppid=2868312 uid=0 comm=python dst=172.66.172.219:443 msg=Container made unauthorized external connection to 172.66.172.219:443
[2026-06-01 21:15:05] ALERT level=HIGH rule=unauthorized_external_connect runtime=docker service=inventory_service env= state=resolved pod=order-processor-inventory_service namespace= pid=2868345 ppid=2868312 uid=0 comm=python dst=104.20.41.132:443 msg=Container made unauthorized external connection to 104.20.41.132:443
[2026-06-01 21:20:16] ALERT level=HIGH rule=unauthorized_external_connect runtime=docker service=inventory_service env= state=resolved pod=order-processor-inventory_service namespace= pid=2868345 ppid=2868312 uid=0 comm=python dst=172.66.172.219:443 msg=Container made unauthorized external connection to 172.66.172.219:443
[2026-06-01 21:20:16] ALERT level=HIGH rule=unauthorized_external_connect runtime=docker service=inventory_service env= state=resolved pod=order-processor-inventory_service namespace= pid=2868345 ppid=2868312 uid=0 comm=python dst=104.20.41.132:443 msg=Container made unauthorized external connection to 104.20.41.132:443
[2026-06-01 21:20:16] ALERT level=HIGH rule=unauthorized_external_connect runtime=docker service=inventory_service env= state=resolved pod=order-processor-inventory_service namespace= pid=2868345 ppid=2868312 uid=0 comm=python dst=172.66.172.219:443 msg=Container made unauthorized external connection to 172.66.172.219:443
[2026-06-01 21:25:31] ALERT level=HIGH rule=unauthorized_external_connect runtime=docker service=inventory_service env= state=resolved pod=order-processor-inventory_service namespace= pid=2868345 ppid=2868312 uid=0 comm=python dst=104.20.41.132:443 msg=Container made unauthorized external connection to 104.20.41.132:443
[2026-06-01 21:25:31] ALERT level=HIGH rule=unauthorized_external_connect runtime=docker service=inventory_service env= state=resolved pod=order-processor-inventory_service namespace= pid=2868345 ppid=2868312 uid=0 comm=python dst=172.66.172.219:443 msg=Container made unauthorized external connection to 172.66.172.219:443
[2026-06-01 21:25:31] ALERT level=HIGH rule=unauthorized_external_connect runtime=docker service=inventory_service env= state=resolved pod=order-processor-inventory_service namespace= pid=2868345 ppid=2868312 uid=0 comm=python dst=104.20.41.132:443 msg=Container made unauthorized external connection to 104.20.41.132:443
[2026-06-01 21:30:42] ALERT level=HIGH rule=unauthorized_external_connect runtime=docker service=inventory_service env= state=resolved pod=order-processor-inventory_service namespace= pid=2868345 ppid=2868312 uid=0 comm=python dst=172.66.172.219:443 msg=Container made unauthorized external connection to 172.66.172.219:443
[2026-06-01 21:30:42] ALERT level=HIGH rule=unauthorized_external_connect runtime=docker service=inventory_service env= state=resolved pod=order-processor-inventory_service namespace= pid=2868345 ppid=2868312 uid=0 comm=python dst=104.20.41.132:443 msg=Container made unauthorized external connection to 104.20.41.132:443
[2026-06-01 21:30:42] ALERT level=HIGH rule=unauthorized_external_connect runtime=docker service=inventory_service env= state=resolved pod=order-processor-inventory_service namespace= pid=2868345 ppid=2868312 uid=0 comm=python dst=172.66.172.219:443 msg=Container made unauthorized external connection to 172.66.172.219:443
[2026-06-01 21:35:54] ALERT level=HIGH rule=unauthorized_external_connect runtime=docker service=inventory_service env= state=resolved pod=order-processor-inventory_service namespace= pid=2868345 ppid=2868312 uid=0 comm=python dst=104.20.41.132:443 msg=Container made unauthorized external connection to 104.20.41.132:443
[2026-06-01 21:35:54] ALERT level=HIGH rule=unauthorized_external_connect runtime=docker service=inventory_service env= state=resolved pod=order-processor-inventory_service namespace= pid=2868345 ppid=2868312 uid=0 comm=python dst=172.66.172.219:443 msg=Container made unauthorized external connection to 172.66.172.219:443
[2026-06-01 21:35:54] ALERT level=HIGH rule=unauthorized_external_connect runtime=docker service=inventory_service env= state=resolved pod=order-processor-inventory_service namespace= pid=2868345 ppid=2868312 uid=0 comm=python dst=104.20.41.132:443 msg=Container made unauthorized external connection to 104.20.41.132:443
[2026-06-01 21:41:07] ALERT level=HIGH rule=unauthorized_external_connect runtime=docker service=inventory_service env= state=resolved pod=order-processor-inventory_service namespace= pid=2868345 ppid=2868312 uid=0 comm=python dst=172.66.172.219:443 msg=Container made unauthorized external connection to 172.66.172.219:443
[2026-06-01 21:41:07] ALERT level=HIGH rule=unauthorized_external_connect runtime=docker service=inventory_service env= state=resolved pod=order-processor-inventory_service namespace= pid=2868345 ppid=2868312 uid=0 comm=python dst=104.20.41.132:443 msg=Container made unauthorized external connection to 104.20.41.132:443
[2026-06-01 21:41:07] ALERT level=HIGH rule=unauthorized_external_connect runtime=docker service=inventory_service env= state=resolved pod=order-processor-inventory_service namespace= pid=2868345 ppid=2868312 uid=0 comm=python dst=172.66.172.219:443 msg=Container made unauthorized external connection to 172.66.172.219:443
[2026-06-01 21:46:18] ALERT level=HIGH rule=unauthorized_external_connect runtime=docker service=inventory_service env= state=resolved pod=order-processor-inventory_service namespace= pid=2868345 ppid=2868312 uid=0 comm=python dst=104.20.41.132:443 msg=Container made unauthorized external connection to 104.20.41.132:443
[2026-06-01 21:46:18] ALERT level=HIGH rule=unauthorized_external_connect runtime=docker service=inventory_service env= state=resolved pod=order-processor-inventory_service namespace= pid=2868345 ppid=2868312 uid=0 comm=python dst=172.66.172.219:443 msg=Container made unauthorized external connection to 172.66.172.219:443
[2026-06-01 21:46:18] ALERT level=HIGH rule=unauthorized_external_connect runtime=docker service=inventory_service env= state=resolved pod=order-processor-inventory_service namespace= pid=2868345 ppid=2868312 uid=0 comm=python dst=104.20.41.132:443 msg=Container made unauthorized external connection to 104.20.41.132:443
[2026-06-01 21:51:30] ALERT level=HIGH rule=unauthorized_external_connect runtime=docker service=inventory_service env= state=resolved pod=order-processor-inventory_service namespace= pid=2868345 ppid=2868312 uid=0 comm=python dst=172.66.172.219:443 msg=Container made unauthorized external connection to 172.66.172.219:443
[2026-06-01 21:51:30] ALERT level=HIGH rule=unauthorized_external_connect runtime=docker service=inventory_service env= state=resolved pod=order-processor-inventory_service namespace= pid=2868345 ppid=2868312 uid=0 comm=python dst=104.20.41.132:443 msg=Container made unauthorized external connection to 104.20.41.132:443
[2026-06-01 21:51:30] ALERT level=HIGH rule=unauthorized_external_connect runtime=docker service=inventory_service env= state=resolved pod=order-processor-inventory_service namespace= pid=2868345 ppid=2868312 uid=0 comm=python dst=172.66.172.219:443 msg=Container made unauthorized external connection to 172.66.172.219:443
[2026-06-01 21:56:43] ALERT level=HIGH rule=unauthorized_external_connect runtime=docker service=inventory_service env= state=resolved pod=order-processor-inventory_service namespace= pid=2868345 ppid=2868312 uid=0 comm=python dst=104.20.41.132:443 msg=Container made unauthorized external connection to 104.20.41.132:443
[2026-06-01 21:56:43] ALERT level=HIGH rule=unauthorized_external_connect runtime=docker service=inventory_service env= state=resolved pod=order-processor-inventory_service namespace= pid=2868345 ppid=2868312 uid=0 comm=python dst=172.66.172.219:443 msg=Container made unauthorized external connection to 172.66.172.219:443
[2026-06-01 21:56:43] ALERT level=HIGH rule=unauthorized_external_connect runtime=docker service=inventory_service env= state=resolved pod=order-processor-inventory_service namespace= pid=2868345 ppid=2868312 uid=0 comm=python dst=104.20.41.132:443 msg=Container made unauthorized external connection to 104.20.41.132:443
[2026-06-01 22:01:58] ALERT level=HIGH rule=unauthorized_external_connect runtime=docker service=inventory_service env= state=resolved pod=order-processor-inventory_service namespace= pid=2868345 ppid=2868312 uid=0 comm=python dst=104.20.41.132:443 msg=Container made unauthorized external connection to 104.20.41.132:443
[2026-06-01 22:01:58] ALERT level=HIGH rule=unauthorized_external_connect runtime=docker service=inventory_service env= state=resolved pod=order-processor-inventory_service namespace= pid=2868345 ppid=2868312 uid=0 comm=python dst=172.66.172.219:443 msg=Container made unauthorized external connection to 172.66.172.219:443
[2026-06-01 22:01:58] ALERT level=HIGH rule=unauthorized_external_connect runtime=docker service=inventory_service env= state=resolved pod=order-processor-inventory_service namespace= pid=2868345 ppid=2868312 uid=0 comm=python dst=104.20.41.132:443 msg=Container made unauthorized external connection to 104.20.41.132:443
[2026-06-01 22:07:11] ALERT level=HIGH rule=unauthorized_external_connect runtime=docker service=inventory_service env= state=resolved pod=order-processor-inventory_service namespace= pid=2868345 ppid=2868312 uid=0 comm=python dst=172.66.172.219:443 msg=Container made unauthorized external connection to 172.66.172.219:443
[2026-06-01 22:07:11] ALERT level=HIGH rule=unauthorized_external_connect runtime=docker service=inventory_service env= state=resolved pod=order-processor-inventory_service namespace= pid=2868345 ppid=2868312 uid=0 comm=python dst=104.20.41.132:443 msg=Container made unauthorized external connection to 104.20.41.132:443
[2026-06-01 22:07:11] ALERT level=HIGH rule=unauthorized_external_connect runtime=docker service=inventory_service env= state=resolved pod=order-processor-inventory_service namespace= pid=2868345 ppid=2868312 uid=0 comm=python dst=172.66.172.219:443 msg=Container made unauthorized external connection to 172.66.172.219:443
[2026-06-01 22:12:22] ALERT level=HIGH rule=unauthorized_external_connect runtime=docker service=inventory_service env= state=resolved pod=order-processor-inventory_service namespace= pid=2868345 ppid=2868312 uid=0 comm=python dst=104.20.41.132:443 msg=Container made unauthorized external connection to 104.20.41.132:443
[2026-06-01 22:12:22] ALERT level=HIGH rule=unauthorized_external_connect runtime=docker service=inventory_service env= state=resolved pod=order-processor-inventory_service namespace= pid=2868345 ppid=2868312 uid=0 comm=python dst=172.66.172.219:443 msg=Container made unauthorized external connection to 172.66.172.219:443
[2026-06-01 22:12:22] ALERT level=HIGH rule=unauthorized_external_connect runtime=docker service=inventory_service env= state=resolved pod=order-processor-inventory_service namespace= pid=2868345 ppid=2868312 uid=0 comm=python dst=104.20.41.132:443 msg=Container made unauthorized external connection to 104.20.41.132:443
[2026-06-01 22:17:34] ALERT level=HIGH rule=unauthorized_external_connect runtime=docker service=inventory_service env= state=resolved pod=order-processor-inventory_service namespace= pid=2868345 ppid=2868312 uid=0 comm=python dst=172.66.172.219:443 msg=Container made unauthorized external connection to 172.66.172.219:443
[2026-06-01 22:17:34] ALERT level=HIGH rule=unauthorized_external_connect runtime=docker service=inventory_service env= state=resolved pod=order-processor-inventory_service namespace= pid=2868345 ppid=2868312 uid=0 comm=python dst=104.20.41.132:443 msg=Container made unauthorized external connection to 104.20.41.132:443
[2026-06-01 22:17:34] ALERT level=HIGH rule=unauthorized_external_connect runtime=docker service=inventory_service env= state=resolved pod=order-processor-inventory_service namespace= pid=2868345 ppid=2868312 uid=0 comm=python dst=172.66.172.219:443 msg=Container made unauthorized external connection to 172.66.172.219:443
[2026-06-01 22:22:47] ALERT level=HIGH rule=unauthorized_external_connect runtime=docker service=inventory_service env= state=resolved pod=order-processor-inventory_service namespace= pid=2868345 ppid=2868312 uid=0 comm=python dst=104.20.41.132:443 msg=Container made unauthorized external connection to 104.20.41.132:443
[2026-06-01 22:22:47] ALERT level=HIGH rule=unauthorized_external_connect runtime=docker service=inventory_service env= state=resolved pod=order-processor-inventory_service namespace= pid=2868345 ppid=2868312 uid=0 comm=python dst=172.66.172.219:443 msg=Container made unauthorized external connection to 172.66.172.219:443
[2026-06-01 22:22:47] ALERT level=HIGH rule=unauthorized_external_connect runtime=docker service=inventory_service env= state=resolved pod=order-processor-inventory_service namespace= pid=2868345 ppid=2868312 uid=0 comm=python dst=104.20.41.132:443 msg=Container made unauthorized external connection to 104.20.41.132:443
[2026-06-01 22:27:58] ALERT level=HIGH rule=unauthorized_external_connect runtime=docker service=inventory_service env= state=resolved pod=order-processor-inventory_service namespace= pid=2868345 ppid=2868312 uid=0 comm=python dst=104.20.41.132:443 msg=Container made unauthorized external connection to 104.20.41.132:443
[2026-06-01 22:27:58] ALERT level=HIGH rule=unauthorized_external_connect runtime=docker service=inventory_service env= state=resolved pod=order-processor-inventory_service namespace= pid=2868345 ppid=2868312 uid=0 comm=python dst=172.66.172.219:443 msg=Container made unauthorized external connection to 172.66.172.219:443
[2026-06-01 22:27:58] ALERT level=HIGH rule=unauthorized_external_connect runtime=docker service=inventory_service env= state=resolved pod=order-processor-inventory_service namespace= pid=2868345 ppid=2868312 uid=0 comm=python dst=104.20.41.132:443 msg=Container made unauthorized external connection to 104.20.41.132:443
[2026-06-01 22:33:10] ALERT level=HIGH rule=unauthorized_external_connect runtime=docker service=inventory_service env= state=resolved pod=order-processor-inventory_service namespace= pid=2868345 ppid=2868312 uid=0 comm=python dst=104.20.41.132:443 msg=Container made unauthorized external connection to 104.20.41.132:443
[2026-06-01 22:33:10] ALERT level=HIGH rule=unauthorized_external_connect runtime=docker service=inventory_service env= state=resolved pod=order-processor-inventory_service namespace= pid=2868345 ppid=2868312 uid=0 comm=python dst=172.66.172.219:443 msg=Container made unauthorized external connection to 172.66.172.219:443
[2026-06-01 22:33:10] ALERT level=HIGH rule=unauthorized_external_connect runtime=docker service=inventory_service env= state=resolved pod=order-processor-inventory_service namespace= pid=2868345 ppid=2868312 uid=0 comm=python dst=104.20.41.132:443 msg=Container made unauthorized external connection to 104.20.41.132:443
[2026-06-01 22:38:22] ALERT level=HIGH rule=unauthorized_external_connect runtime=docker service=inventory_service env= state=resolved pod=order-processor-inventory_service namespace= pid=2868345 ppid=2868312 uid=0 comm=python dst=104.20.41.132:443 msg=Container made unauthorized external connection to 104.20.41.132:443
[2026-06-01 22:38:22] ALERT level=HIGH rule=unauthorized_external_connect runtime=docker service=inventory_service env= state=resolved pod=order-processor-inventory_service namespace= pid=2868345 ppid=2868312 uid=0 comm=python dst=172.66.172.219:443 msg=Container made unauthorized external connection to 172.66.172.219:443
[2026-06-01 22:38:22] ALERT level=HIGH rule=unauthorized_external_connect runtime=docker service=inventory_service env= state=resolved pod=order-processor-inventory_service namespace= pid=2868345 ppid=2868312 uid=0 comm=python dst=104.20.41.132:443 msg=Container made unauthorized external connection to 104.20.41.132:443
[2026-06-01 22:43:33] ALERT level=HIGH rule=unauthorized_external_connect runtime=docker service=inventory_service env= state=resolved pod=order-processor-inventory_service namespace= pid=2868345 ppid=2868312 uid=0 comm=python dst=172.66.172.219:443 msg=Container made unauthorized external connection to 172.66.172.219:443
[2026-06-01 22:43:33] ALERT level=HIGH rule=unauthorized_external_connect runtime=docker service=inventory_service env= state=resolved pod=order-processor-inventory_service namespace= pid=2868345 ppid=2868312 uid=0 comm=python dst=104.20.41.132:443 msg=Container made unauthorized external connection to 104.20.41.132:443
[2026-06-01 22:43:33] ALERT level=HIGH rule=unauthorized_external_connect runtime=docker service=inventory_service env= state=resolved pod=order-processor-inventory_service namespace= pid=2868345 ppid=2868312 uid=0 comm=python dst=172.66.172.219:443 msg=Container made unauthorized external connection to 172.66.172.219:443
[2026-06-01 22:48:43] ALERT level=HIGH rule=unauthorized_external_connect runtime=docker service=inventory_service env= state=resolved pod=order-processor-inventory_service namespace= pid=2868345 ppid=2868312 uid=0 comm=python dst=172.66.172.219:443 msg=Container made unauthorized external connection to 172.66.172.219:443
[2026-06-01 22:48:43] ALERT level=HIGH rule=unauthorized_external_connect runtime=docker service=inventory_service env= state=resolved pod=order-processor-inventory_service namespace= pid=2868345 ppid=2868312 uid=0 comm=python dst=104.20.41.132:443 msg=Container made unauthorized external connection to 104.20.41.132:443
[2026-06-01 22:48:43] ALERT level=HIGH rule=unauthorized_external_connect runtime=docker service=inventory_service env= state=resolved pod=order-processor-inventory_service namespace= pid=2868345 ppid=2868312 uid=0 comm=python dst=172.66.172.219:443 msg=Container made unauthorized external connection to 172.66.172.219:443
[2026-06-01 22:53:54] ALERT level=HIGH rule=unauthorized_external_connect runtime=docker service=inventory_service env= state=resolved pod=order-processor-inventory_service namespace= pid=2868345 ppid=2868312 uid=0 comm=python dst=104.20.41.132:443 msg=Container made unauthorized external connection to 104.20.41.132:443
[2026-06-01 22:53:54] ALERT level=HIGH rule=unauthorized_external_connect runtime=docker service=inventory_service env= state=resolved pod=order-processor-inventory_service namespace= pid=2868345 ppid=2868312 uid=0 comm=python dst=172.66.172.219:443 msg=Container made unauthorized external connection to 172.66.172.219:443
[2026-06-01 22:53:54] ALERT level=HIGH rule=unauthorized_external_connect runtime=docker service=inventory_service env= state=resolved pod=order-processor-inventory_service namespace= pid=2868345 ppid=2868312 uid=0 comm=python dst=104.20.41.132:443 msg=Container made unauthorized external connection to 104.20.41.132:443
[2026-06-01 22:59:06] ALERT level=HIGH rule=unauthorized_external_connect runtime=docker service=inventory_service env= state=resolved pod=order-processor-inventory_service namespace= pid=2868345 ppid=2868312 uid=0 comm=python dst=104.20.41.132:443 msg=Container made unauthorized external connection to 104.20.41.132:443
[2026-06-01 22:59:06] ALERT level=HIGH rule=unauthorized_external_connect runtime=docker service=inventory_service env= state=resolved pod=order-processor-inventory_service namespace= pid=2868345 ppid=2868312 uid=0 comm=python dst=172.66.172.219:443 msg=Container made unauthorized external connection to 172.66.172.219:443
[2026-06-01 22:59:06] ALERT level=HIGH rule=unauthorized_external_connect runtime=docker service=inventory_service env= state=resolved pod=order-processor-inventory_service namespace= pid=2868345 ppid=2868312 uid=0 comm=python dst=104.20.41.132:443 msg=Container made unauthorized external connection to 104.20.41.132:443
[2026-06-01 23:04:19] ALERT level=HIGH rule=unauthorized_external_connect runtime=docker service=inventory_service env= state=resolved pod=order-processor-inventory_service namespace= pid=2868345 ppid=2868312 uid=0 comm=python dst=172.66.172.219:443 msg=Container made unauthorized external connection to 172.66.172.219:443
[2026-06-01 23:04:20] ALERT level=HIGH rule=unauthorized_external_connect runtime=docker service=inventory_service env= state=resolved pod=order-processor-inventory_service namespace= pid=2868345 ppid=2868312 uid=0 comm=python dst=104.20.41.132:443 msg=Container made unauthorized external connection to 104.20.41.132:443
[2026-06-01 23:04:20] ALERT level=HIGH rule=unauthorized_external_connect runtime=docker service=inventory_service env= state=resolved pod=order-processor-inventory_service namespace= pid=2868345 ppid=2868312 uid=0 comm=python dst=172.66.172.219:443 msg=Container made unauthorized external connection to 172.66.172.219:443
[2026-06-01 23:09:31] ALERT level=HIGH rule=unauthorized_external_connect runtime=docker service=inventory_service env= state=resolved pod=order-processor-inventory_service namespace= pid=2868345 ppid=2868312 uid=0 comm=python dst=172.66.172.219:443 msg=Container made unauthorized external connection to 172.66.172.219:443
[2026-06-01 23:09:31] ALERT level=HIGH rule=unauthorized_external_connect runtime=docker service=inventory_service env= state=resolved pod=order-processor-inventory_service namespace= pid=2868345 ppid=2868312 uid=0 comm=python dst=104.20.41.132:443 msg=Container made unauthorized external connection to 104.20.41.132:443
[2026-06-01 23:09:31] ALERT level=HIGH rule=unauthorized_external_connect runtime=docker service=inventory_service env= state=resolved pod=order-processor-inventory_service namespace= pid=2868345 ppid=2868312 uid=0 comm=python dst=172.66.172.219:443 msg=Container made unauthorized external connection to 172.66.172.219:443
[2026-06-01 23:14:44] ALERT level=HIGH rule=unauthorized_external_connect runtime=docker service=inventory_service env= state=resolved pod=order-processor-inventory_service namespace= pid=2868345 ppid=2868312 uid=0 comm=python dst=104.20.41.132:443 msg=Container made unauthorized external connection to 104.20.41.132:443
[2026-06-01 23:14:44] ALERT level=HIGH rule=unauthorized_external_connect runtime=docker service=inventory_service env= state=resolved pod=order-processor-inventory_service namespace= pid=2868345 ppid=2868312 uid=0 comm=python dst=172.66.172.219:443 msg=Container made unauthorized external connection to 172.66.172.219:443
[2026-06-01 23:14:44] ALERT level=HIGH rule=unauthorized_external_connect runtime=docker service=inventory_service env= state=resolved pod=order-processor-inventory_service namespace= pid=2868345 ppid=2868312 uid=0 comm=python dst=104.20.41.132:443 msg=Container made unauthorized external connection to 104.20.41.132:443
[2026-06-01 23:19:59] ALERT level=HIGH rule=unauthorized_external_connect runtime=docker service=inventory_service env= state=resolved pod=order-processor-inventory_service namespace= pid=2868345 ppid=2868312 uid=0 comm=python dst=104.20.41.132:443 msg=Container made unauthorized external connection to 104.20.41.132:443
[2026-06-01 23:19:59] ALERT level=HIGH rule=unauthorized_external_connect runtime=docker service=inventory_service env= state=resolved pod=order-processor-inventory_service namespace= pid=2868345 ppid=2868312 uid=0 comm=python dst=172.66.172.219:443 msg=Container made unauthorized external connection to 172.66.172.219:443
[2026-06-01 23:19:59] ALERT level=HIGH rule=unauthorized_external_connect runtime=docker service=inventory_service env= state=resolved pod=order-processor-inventory_service namespace= pid=2868345 ppid=2868312 uid=0 comm=python dst=104.20.41.132:443 msg=Container made unauthorized external connection to 104.20.41.132:443
[2026-06-01 23:25:11] ALERT level=HIGH rule=unauthorized_external_connect runtime=docker service=inventory_service env= state=resolved pod=order-processor-inventory_service namespace= pid=2868345 ppid=2868312 uid=0 comm=python dst=172.66.172.219:443 msg=Container made unauthorized external connection to 172.66.172.219:443
[2026-06-01 23:25:11] ALERT level=HIGH rule=unauthorized_external_connect runtime=docker service=inventory_service env= state=resolved pod=order-processor-inventory_service namespace= pid=2868345 ppid=2868312 uid=0 comm=python dst=104.20.41.132:443 msg=Container made unauthorized external connection to 104.20.41.132:443
[2026-06-01 23:25:11] ALERT level=HIGH rule=unauthorized_external_connect runtime=docker service=inventory_service env= state=resolved pod=order-processor-inventory_service namespace= pid=2868345 ppid=2868312 uid=0 comm=python dst=172.66.172.219:443 msg=Container made unauthorized external connection to 172.66.172.219:443
[2026-06-01 23:30:24] ALERT level=HIGH rule=unauthorized_external_connect runtime=docker service=inventory_service env= state=resolved pod=order-processor-inventory_service namespace= pid=2868345 ppid=2868312 uid=0 comm=python dst=172.66.172.219:443 msg=Container made unauthorized external connection to 172.66.172.219:443
[2026-06-01 23:30:24] ALERT level=HIGH rule=unauthorized_external_connect runtime=docker service=inventory_service env= state=resolved pod=order-processor-inventory_service namespace= pid=2868345 ppid=2868312 uid=0 comm=python dst=104.20.41.132:443 msg=Container made unauthorized external connection to 104.20.41.132:443
[2026-06-01 23:30:24] ALERT level=HIGH rule=unauthorized_external_connect runtime=docker service=inventory_service env= state=resolved pod=order-processor-inventory_service namespace= pid=2868345 ppid=2868312 uid=0 comm=python dst=172.66.172.219:443 msg=Container made unauthorized external connection to 172.66.172.219:443
[2026-06-01 23:35:39] ALERT level=HIGH rule=unauthorized_external_connect runtime=docker service=inventory_service env= state=resolved pod=order-processor-inventory_service namespace= pid=2868345 ppid=2868312 uid=0 comm=python dst=172.66.172.219:443 msg=Container made unauthorized external connection to 172.66.172.219:443
[2026-06-01 23:35:39] ALERT level=HIGH rule=unauthorized_external_connect runtime=docker service=inventory_service env= state=resolved pod=order-processor-inventory_service namespace= pid=2868345 ppid=2868312 uid=0 comm=python dst=104.20.41.132:443 msg=Container made unauthorized external connection to 104.20.41.132:443
[2026-06-01 23:35:39] ALERT level=HIGH rule=unauthorized_external_connect runtime=docker service=inventory_service env= state=resolved pod=order-processor-inventory_service namespace= pid=2868345 ppid=2868312 uid=0 comm=python dst=172.66.172.219:443 msg=Container made unauthorized external connection to 172.66.172.219:443
[2026-06-01 23:40:51] ALERT level=HIGH rule=unauthorized_external_connect runtime=docker service=inventory_service env= state=resolved pod=order-processor-inventory_service namespace= pid=2868345 ppid=2868312 uid=0 comm=python dst=172.66.172.219:443 msg=Container made unauthorized external connection to 172.66.172.219:443
[2026-06-01 23:40:51] ALERT level=HIGH rule=unauthorized_external_connect runtime=docker service=inventory_service env= state=resolved pod=order-processor-inventory_service namespace= pid=2868345 ppid=2868312 uid=0 comm=python dst=104.20.41.132:443 msg=Container made unauthorized external connection to 104.20.41.132:443
[2026-06-01 23:40:51] ALERT level=HIGH rule=unauthorized_external_connect runtime=docker service=inventory_service env= state=resolved pod=order-processor-inventory_service namespace= pid=2868345 ppid=2868312 uid=0 comm=python dst=172.66.172.219:443 msg=Container made unauthorized external connection to 172.66.172.219:443
[2026-06-01 23:46:02] ALERT level=HIGH rule=unauthorized_external_connect runtime=docker service=inventory_service env= state=resolved pod=order-processor-inventory_service namespace= pid=2868345 ppid=2868312 uid=0 comm=python dst=172.66.172.219:443 msg=Container made unauthorized external connection to 172.66.172.219:443
[2026-06-01 23:46:02] ALERT level=HIGH rule=unauthorized_external_connect runtime=docker service=inventory_service env= state=resolved pod=order-processor-inventory_service namespace= pid=2868345 ppid=2868312 uid=0 comm=python dst=104.20.41.132:443 msg=Container made unauthorized external connection to 104.20.41.132:443
[2026-06-01 23:46:02] ALERT level=HIGH rule=unauthorized_external_connect runtime=docker service=inventory_service env= state=resolved pod=order-processor-inventory_service namespace= pid=2868345 ppid=2868312 uid=0 comm=python dst=172.66.172.219:443 msg=Container made unauthorized external connection to 172.66.172.219:443
[2026-06-01 23:51:13] ALERT level=HIGH rule=unauthorized_external_connect runtime=docker service=inventory_service env= state=resolved pod=order-processor-inventory_service namespace= pid=2868345 ppid=2868312 uid=0 comm=python dst=104.20.41.132:443 msg=Container made unauthorized external connection to 104.20.41.132:443
[2026-06-01 23:51:13] ALERT level=HIGH rule=unauthorized_external_connect runtime=docker service=inventory_service env= state=resolved pod=order-processor-inventory_service namespace= pid=2868345 ppid=2868312 uid=0 comm=python dst=172.66.172.219:443 msg=Container made unauthorized external connection to 172.66.172.219:443
[2026-06-01 23:51:13] ALERT level=HIGH rule=unauthorized_external_connect runtime=docker service=inventory_service env= state=resolved pod=order-processor-inventory_service namespace= pid=2868345 ppid=2868312 uid=0 comm=python dst=104.20.41.132:443 msg=Container made unauthorized external connection to 104.20.41.132:443
[2026-06-01 23:56:26] ALERT level=HIGH rule=unauthorized_external_connect runtime=docker service=inventory_service env= state=resolved pod=order-processor-inventory_service namespace= pid=2868345 ppid=2868312 uid=0 comm=python dst=172.66.172.219:443 msg=Container made unauthorized external connection to 172.66.172.219:443
[2026-06-01 23:56:26] ALERT level=HIGH rule=unauthorized_external_connect runtime=docker service=inventory_service env= state=resolved pod=order-processor-inventory_service namespace= pid=2868345 ppid=2868312 uid=0 comm=python dst=104.20.41.132:443 msg=Container made unauthorized external connection to 104.20.41.132:443
[2026-06-01 23:56:26] ALERT level=HIGH rule=unauthorized_external_connect runtime=docker service=inventory_service env= state=resolved pod=order-processor-inventory_service namespace= pid=2868345 ppid=2868312 uid=0 comm=python dst=172.66.172.219:443 msg=Container made unauthorized external connection to 172.66.172.219:443
[2026-06-02 00:01:01] ALERT level=CRITICAL rule=unknown_namespace_process runtime=docker service= env= state=unknown pod= namespace= pid=191158 ppid=1 uid=0 comm=/usr/sbin/logrotate msg=Process in unrecognized namespace — possible container escape
[2026-06-02 00:01:01] ALERT level=MEDIUM rule=sensitive_file_access runtime=docker service= env= state=unknown pod= namespace= pid=191158 ppid=1 uid=0 comm=logrotate filename=/etc/passwd msg=Container accessed system file: /etc/passwd
[2026-06-02 00:01:01] ALERT level=MEDIUM rule=sensitive_file_access runtime=docker service= env= state=unknown pod= namespace= pid=191158 ppid=1 uid=0 comm=logrotate filename=/etc/group msg=Container accessed system file: /etc/group
[2026-06-02 00:01:01] ALERT level=MEDIUM rule=sensitive_file_access runtime=docker service= env= state=unknown pod= namespace= pid=191158 ppid=1 uid=0 comm=logrotate filename=/etc/passwd msg=Container accessed system file: /etc/passwd
[2026-06-02 00:01:01] ALERT level=MEDIUM rule=sensitive_file_access runtime=docker service= env= state=unknown pod= namespace= pid=191158 ppid=1 uid=0 comm=logrotate filename=/etc/group msg=Container accessed system file: /etc/group
[2026-06-02 00:01:01] ALERT level=MEDIUM rule=sensitive_file_access runtime=docker service= env= state=unknown pod= namespace= pid=191158 ppid=1 uid=0 comm=logrotate filename=/etc/passwd msg=Container accessed system file: /etc/passwd
[2026-06-02 00:01:01] ALERT level=MEDIUM rule=sensitive_file_access runtime=docker service= env= state=unknown pod= namespace= pid=191158 ppid=1 uid=0 comm=logrotate filename=/etc/group msg=Container accessed system file: /etc/group
[2026-06-02 00:01:01] ALERT level=MEDIUM rule=sensitive_file_access runtime=docker service= env= state=unknown pod= namespace= pid=191158 ppid=1 uid=0 comm=logrotate filename=/etc/passwd msg=Container accessed system file: /etc/passwd
[2026-06-02 00:01:01] ALERT level=MEDIUM rule=sensitive_file_access runtime=docker service= env= state=unknown pod= namespace= pid=191158 ppid=1 uid=0 comm=logrotate filename=/etc/group msg=Container accessed system file: /etc/group
[2026-06-02 00:01:01] ALERT level=CRITICAL rule=unknown_namespace_process runtime=docker service= env= state=unknown pod= namespace= pid=191173 ppid=191158 uid=0 comm=/bin/gzip msg=Process in unrecognized namespace — possible container escape
[2026-06-02 00:01:38] ALERT level=HIGH rule=unauthorized_external_connect runtime=docker service=inventory_service env= state=resolved pod=order-processor-inventory_service namespace= pid=2868345 ppid=2868312 uid=0 comm=python dst=172.66.172.219:443 msg=Container made unauthorized external connection to 172.66.172.219:443
[2026-06-02 00:01:38] ALERT level=HIGH rule=unauthorized_external_connect runtime=docker service=inventory_service env= state=resolved pod=order-processor-inventory_service namespace= pid=2868345 ppid=2868312 uid=0 comm=python dst=104.20.41.132:443 msg=Container made unauthorized external connection to 104.20.41.132:443
[2026-06-02 00:01:38] ALERT level=HIGH rule=unauthorized_external_connect runtime=docker service=inventory_service env= state=resolved pod=order-processor-inventory_service namespace= pid=2868345 ppid=2868312 uid=0 comm=python dst=172.66.172.219:443 msg=Container made unauthorized external connection to 172.66.172.219:443
[2026-06-02 00:06:51] ALERT level=HIGH rule=unauthorized_external_connect runtime=docker service=inventory_service env= state=resolved pod=order-processor-inventory_service namespace= pid=2868345 ppid=2868312 uid=0 comm=python dst=104.20.41.132:443 msg=Container made unauthorized external connection to 104.20.41.132:443
[2026-06-02 00:06:51] ALERT level=HIGH rule=unauthorized_external_connect runtime=docker service=inventory_service env= state=resolved pod=order-processor-inventory_service namespace= pid=2868345 ppid=2868312 uid=0 comm=python dst=172.66.172.219:443 msg=Container made unauthorized external connection to 172.66.172.219:443
[2026-06-02 00:06:51] ALERT level=HIGH rule=unauthorized_external_connect runtime=docker service=inventory_service env= state=resolved pod=order-processor-inventory_service namespace= pid=2868345 ppid=2868312 uid=0 comm=python dst=104.20.41.132:443 msg=Container made unauthorized external connection to 104.20.41.132:443
[2026-06-02 00:12:03] ALERT level=HIGH rule=unauthorized_external_connect runtime=docker service=inventory_service env= state=resolved pod=order-processor-inventory_service namespace= pid=2868345 ppid=2868312 uid=0 comm=python dst=104.20.41.132:443 msg=Container made unauthorized external connection to 104.20.41.132:443
[2026-06-02 00:12:03] ALERT level=HIGH rule=unauthorized_external_connect runtime=docker service=inventory_service env= state=resolved pod=order-processor-inventory_service namespace= pid=2868345 ppid=2868312 uid=0 comm=python dst=172.66.172.219:443 msg=Container made unauthorized external connection to 172.66.172.219:443
[2026-06-02 00:12:03] ALERT level=HIGH rule=unauthorized_external_connect runtime=docker service=inventory_service env= state=resolved pod=order-processor-inventory_service namespace= pid=2868345 ppid=2868312 uid=0 comm=python dst=104.20.41.132:443 msg=Container made unauthorized external connection to 104.20.41.132:443
[2026-06-02 00:17:17] ALERT level=HIGH rule=unauthorized_external_connect runtime=docker service=inventory_service env= state=resolved pod=order-processor-inventory_service namespace= pid=2868345 ppid=2868312 uid=0 comm=python dst=172.66.172.219:443 msg=Container made unauthorized external connection to 172.66.172.219:443
[2026-06-02 00:17:17] ALERT level=HIGH rule=unauthorized_external_connect runtime=docker service=inventory_service env= state=resolved pod=order-processor-inventory_service namespace= pid=2868345 ppid=2868312 uid=0 comm=python dst=104.20.41.132:443 msg=Container made unauthorized external connection to 104.20.41.132:443
[2026-06-02 00:17:17] ALERT level=HIGH rule=unauthorized_external_connect runtime=docker service=inventory_service env= state=resolved pod=order-processor-inventory_service namespace= pid=2868345 ppid=2868312 uid=0 comm=python dst=172.66.172.219:443 msg=Container made unauthorized external connection to 172.66.172.219:443
[2026-06-02 00:22:28] ALERT level=HIGH rule=unauthorized_external_connect runtime=docker service=inventory_service env= state=resolved pod=order-processor-inventory_service namespace= pid=2868345 ppid=2868312 uid=0 comm=python dst=172.66.172.219:443 msg=Container made unauthorized external connection to 172.66.172.219:443
[2026-06-02 00:22:28] ALERT level=HIGH rule=unauthorized_external_connect runtime=docker service=inventory_service env= state=resolved pod=order-processor-inventory_service namespace= pid=2868345 ppid=2868312 uid=0 comm=python dst=104.20.41.132:443 msg=Container made unauthorized external connection to 104.20.41.132:443
[2026-06-02 00:22:28] ALERT level=HIGH rule=unauthorized_external_connect runtime=docker service=inventory_service env= state=resolved pod=order-processor-inventory_service namespace= pid=2868345 ppid=2868312 uid=0 comm=python dst=172.66.172.219:443 msg=Container made unauthorized external connection to 172.66.172.219:443
[2026-06-02 00:27:40] ALERT level=HIGH rule=unauthorized_external_connect runtime=docker service=inventory_service env= state=resolved pod=order-processor-inventory_service namespace= pid=2868345 ppid=2868312 uid=0 comm=python dst=172.66.172.219:443 msg=Container made unauthorized external connection to 172.66.172.219:443
[2026-06-02 00:27:40] ALERT level=HIGH rule=unauthorized_external_connect runtime=docker service=inventory_service env= state=resolved pod=order-processor-inventory_service namespace= pid=2868345 ppid=2868312 uid=0 comm=python dst=104.20.41.132:443 msg=Container made unauthorized external connection to 104.20.41.132:443
[2026-06-02 00:27:40] ALERT level=HIGH rule=unauthorized_external_connect runtime=docker service=inventory_service env= state=resolved pod=order-processor-inventory_service namespace= pid=2868345 ppid=2868312 uid=0 comm=python dst=172.66.172.219:443 msg=Container made unauthorized external connection to 172.66.172.219:443
[2026-06-02 00:32:51] ALERT level=HIGH rule=unauthorized_external_connect runtime=docker service=inventory_service env= state=resolved pod=order-processor-inventory_service namespace= pid=2868345 ppid=2868312 uid=0 comm=python dst=172.66.172.219:443 msg=Container made unauthorized external connection to 172.66.172.219:443
[2026-06-02 00:32:51] ALERT level=HIGH rule=unauthorized_external_connect runtime=docker service=inventory_service env= state=resolved pod=order-processor-inventory_service namespace= pid=2868345 ppid=2868312 uid=0 comm=python dst=104.20.41.132:443 msg=Container made unauthorized external connection to 104.20.41.132:443
[2026-06-02 00:32:51] ALERT level=HIGH rule=unauthorized_external_connect runtime=docker service=inventory_service env= state=resolved pod=order-processor-inventory_service namespace= pid=2868345 ppid=2868312 uid=0 comm=python dst=172.66.172.219:443 msg=Container made unauthorized external connection to 172.66.172.219:443
[2026-06-02 00:38:06] ALERT level=HIGH rule=unauthorized_external_connect runtime=docker service=inventory_service env= state=resolved pod=order-processor-inventory_service namespace= pid=2868345 ppid=2868312 uid=0 comm=python dst=172.66.172.219:443 msg=Container made unauthorized external connection to 172.66.172.219:443
[2026-06-02 00:38:06] ALERT level=HIGH rule=unauthorized_external_connect runtime=docker service=inventory_service env= state=resolved pod=order-processor-inventory_service namespace= pid=2868345 ppid=2868312 uid=0 comm=python dst=104.20.41.132:443 msg=Container made unauthorized external connection to 104.20.41.132:443
[2026-06-02 00:38:06] ALERT level=HIGH rule=unauthorized_external_connect runtime=docker service=inventory_service env= state=resolved pod=order-processor-inventory_service namespace= pid=2868345 ppid=2868312 uid=0 comm=python dst=172.66.172.219:443 msg=Container made unauthorized external connection to 172.66.172.219:443
[2026-06-02 00:43:18] ALERT level=HIGH rule=unauthorized_external_connect runtime=docker service=inventory_service env= state=resolved pod=order-processor-inventory_service namespace= pid=2868345 ppid=2868312 uid=0 comm=python dst=172.66.172.219:443 msg=Container made unauthorized external connection to 172.66.172.219:443
[2026-06-02 00:43:18] ALERT level=HIGH rule=unauthorized_external_connect runtime=docker service=inventory_service env= state=resolved pod=order-processor-inventory_service namespace= pid=2868345 ppid=2868312 uid=0 comm=python dst=104.20.41.132:443 msg=Container made unauthorized external connection to 104.20.41.132:443
[2026-06-02 00:43:18] ALERT level=HIGH rule=unauthorized_external_connect runtime=docker service=inventory_service env= state=resolved pod=order-processor-inventory_service namespace= pid=2868345 ppid=2868312 uid=0 comm=python dst=172.66.172.219:443 msg=Container made unauthorized external connection to 172.66.172.219:443
[2026-06-02 00:48:29] ALERT level=HIGH rule=unauthorized_external_connect runtime=docker service=inventory_service env= state=resolved pod=order-processor-inventory_service namespace= pid=2868345 ppid=2868312 uid=0 comm=python dst=104.20.41.132:443 msg=Container made unauthorized external connection to 104.20.41.132:443
[2026-06-02 00:48:29] ALERT level=HIGH rule=unauthorized_external_connect runtime=docker service=inventory_service env= state=resolved pod=order-processor-inventory_service namespace= pid=2868345 ppid=2868312 uid=0 comm=python dst=172.66.172.219:443 msg=Container made unauthorized external connection to 172.66.172.219:443
[2026-06-02 00:48:29] ALERT level=HIGH rule=unauthorized_external_connect runtime=docker service=inventory_service env= state=resolved pod=order-processor-inventory_service namespace= pid=2868345 ppid=2868312 uid=0 comm=python dst=104.20.41.132:443 msg=Container made unauthorized external connection to 104.20.41.132:443
[2026-06-02 00:53:41] ALERT level=HIGH rule=unauthorized_external_connect runtime=docker service=inventory_service env= state=resolved pod=order-processor-inventory_service namespace= pid=2868345 ppid=2868312 uid=0 comm=python dst=104.20.41.132:443 msg=Container made unauthorized external connection to 104.20.41.132:443
[2026-06-02 00:53:41] ALERT level=HIGH rule=unauthorized_external_connect runtime=docker service=inventory_service env= state=resolved pod=order-processor-inventory_service namespace= pid=2868345 ppid=2868312 uid=0 comm=python dst=172.66.172.219:443 msg=Container made unauthorized external connection to 172.66.172.219:443
[2026-06-02 00:53:41] ALERT level=HIGH rule=unauthorized_external_connect runtime=docker service=inventory_service env= state=resolved pod=order-processor-inventory_service namespace= pid=2868345 ppid=2868312 uid=0 comm=python dst=104.20.41.132:443 msg=Container made unauthorized external connection to 104.20.41.132:443
[2026-06-02 00:58:52] ALERT level=HIGH rule=unauthorized_external_connect runtime=docker service=inventory_service env= state=resolved pod=order-processor-inventory_service namespace= pid=2868345 ppid=2868312 uid=0 comm=python dst=172.66.172.219:443 msg=Container made unauthorized external connection to 172.66.172.219:443
[2026-06-02 00:58:52] ALERT level=HIGH rule=unauthorized_external_connect runtime=docker service=inventory_service env= state=resolved pod=order-processor-inventory_service namespace= pid=2868345 ppid=2868312 uid=0 comm=python dst=104.20.41.132:443 msg=Container made unauthorized external connection to 104.20.41.132:443
[2026-06-02 00:58:52] ALERT level=HIGH rule=unauthorized_external_connect runtime=docker service=inventory_service env= state=resolved pod=order-processor-inventory_service namespace= pid=2868345 ppid=2868312 uid=0 comm=python dst=172.66.172.219:443 msg=Container made unauthorized external connection to 172.66.172.219:443
[2026-06-02 01:04:03] ALERT level=HIGH rule=unauthorized_external_connect runtime=docker service=inventory_service env= state=resolved pod=order-processor-inventory_service namespace= pid=2868345 ppid=2868312 uid=0 comm=python dst=104.20.41.132:443 msg=Container made unauthorized external connection to 104.20.41.132:443
[2026-06-02 01:04:03] ALERT level=HIGH rule=unauthorized_external_connect runtime=docker service=inventory_service env= state=resolved pod=order-processor-inventory_service namespace= pid=2868345 ppid=2868312 uid=0 comm=python dst=172.66.172.219:443 msg=Container made unauthorized external connection to 172.66.172.219:443
[2026-06-02 01:04:03] ALERT level=HIGH rule=unauthorized_external_connect runtime=docker service=inventory_service env= state=resolved pod=order-processor-inventory_service namespace= pid=2868345 ppid=2868312 uid=0 comm=python dst=104.20.41.132:443 msg=Container made unauthorized external connection to 104.20.41.132:443
[2026-06-02 01:09:14] ALERT level=HIGH rule=unauthorized_external_connect runtime=docker service=inventory_service env= state=resolved pod=order-processor-inventory_service namespace= pid=2868345 ppid=2868312 uid=0 comm=python dst=104.20.41.132:443 msg=Container made unauthorized external connection to 104.20.41.132:443
[2026-06-02 01:09:14] ALERT level=HIGH rule=unauthorized_external_connect runtime=docker service=inventory_service env= state=resolved pod=order-processor-inventory_service namespace= pid=2868345 ppid=2868312 uid=0 comm=python dst=172.66.172.219:443 msg=Container made unauthorized external connection to 172.66.172.219:443
[2026-06-02 01:09:14] ALERT level=HIGH rule=unauthorized_external_connect runtime=docker service=inventory_service env= state=resolved pod=order-processor-inventory_service namespace= pid=2868345 ppid=2868312 uid=0 comm=python dst=104.20.41.132:443 msg=Container made unauthorized external connection to 104.20.41.132:443
[2026-06-02 01:14:25] ALERT level=HIGH rule=unauthorized_external_connect runtime=docker service=inventory_service env= state=resolved pod=order-processor-inventory_service namespace= pid=2868345 ppid=2868312 uid=0 comm=python dst=104.20.41.132:443 msg=Container made unauthorized external connection to 104.20.41.132:443
[2026-06-02 01:14:25] ALERT level=HIGH rule=unauthorized_external_connect runtime=docker service=inventory_service env= state=resolved pod=order-processor-inventory_service namespace= pid=2868345 ppid=2868312 uid=0 comm=python dst=172.66.172.219:443 msg=Container made unauthorized external connection to 172.66.172.219:443
[2026-06-02 01:14:25] ALERT level=HIGH rule=unauthorized_external_connect runtime=docker service=inventory_service env= state=resolved pod=order-processor-inventory_service namespace= pid=2868345 ppid=2868312 uid=0 comm=python dst=104.20.41.132:443 msg=Container made unauthorized external connection to 104.20.41.132:443
[2026-06-02 01:19:37] ALERT level=HIGH rule=unauthorized_external_connect runtime=docker service=inventory_service env= state=resolved pod=order-processor-inventory_service namespace= pid=2868345 ppid=2868312 uid=0 comm=python dst=104.20.41.132:443 msg=Container made unauthorized external connection to 104.20.41.132:443
[2026-06-02 01:19:37] ALERT level=HIGH rule=unauthorized_external_connect runtime=docker service=inventory_service env= state=resolved pod=order-processor-inventory_service namespace= pid=2868345 ppid=2868312 uid=0 comm=python dst=172.66.172.219:443 msg=Container made unauthorized external connection to 172.66.172.219:443
[2026-06-02 01:19:37] ALERT level=HIGH rule=unauthorized_external_connect runtime=docker service=inventory_service env= state=resolved pod=order-processor-inventory_service namespace= pid=2868345 ppid=2868312 uid=0 comm=python dst=104.20.41.132:443 msg=Container made unauthorized external connection to 104.20.41.132:443
[2026-06-03 15:28:47] ALERT level=CRITICAL rule=T1059_unix_shell_execution runtime=docker service=auth_service env= state=resolved pod=order-processor-auth_service namespace= pid=1005579 ppid=1005569 uid=1000 comm=/usr/bin/bash action=kill_process msg=Shell spawned from container — possible RCE
[2026-06-03 15:28:54] ALERT level=HIGH rule=T1003_008_os_credential_dumping runtime=docker service=auth_service env= state=resolved pod=order-processor-auth_service namespace= pid=1005764 ppid=2868372 uid=1000 comm=cat filename=/etc/shadow action=kill_process msg=Container accessed OS credential file: /etc/shadow
[2026-06-03 15:28:57] ALERT level=CRITICAL rule=T1059_unix_shell_execution runtime=docker service=auth_service env= state=resolved pod=order-processor-auth_service namespace= pid=1005830 ppid=1005821 uid=1000 comm=/usr/bin/bash action=kill_process msg=Shell spawned from container — possible RCE
[2026-06-03 15:28:58] ALERT level=CRITICAL rule=T1552_004_private_keys runtime=docker service=auth_service env= state=resolved pod=order-processor-auth_service namespace= pid=1005854 ppid=2868372 uid=1000 comm=cat filename=/root/.ssh/id_rsa action=kill_process msg=Container accessed SSH credential directory: /root/.ssh/id_rsa
[2026-06-03 15:29:01] ALERT level=HIGH rule=T1041_exfiltration_over_c2 runtime=docker service=auth_service env= state=resolved pod=order-processor-auth_service namespace= pid=1005884 ppid=2868372 uid=1000 comm=python3 dst=8.8.8.8:80 msg=Container made unauthorized external connection to 8.8.8.8:80
[2026-06-03 15:29:07] ALERT level=HIGH rule=T1041_exfiltration_over_c2 runtime=docker service=inventory_service env= state=resolved pod=order-processor-inventory_service namespace= pid=1005938 ppid=2868312 uid=0 comm=python3 dst=209.97.132.148:443 msg=Container made unauthorized external connection to 209.97.132.148:443
[2026-06-03 15:29:10] ALERT level=CRITICAL rule=T1611_escape_to_host_fs runtime=docker service=host env= state=host pod= namespace= pid=1005975 ppid=1005467 uid=0 comm=cat filename=/var/lib/docker/overlay2/f86f442928dac89c8f6c8b68cd1d75aef96c870a79afe538757be46bbd9d0714/merged/etc/hostname action=kill_process msg=Host process accessed container filesystem: /var/lib/docker/overlay2/f86f442928dac89c8f6c8b68cd1d75aef96c870a79afe538757be46bbd9d0714/merged/etc/hostname
[2026-06-03 15:29:13] ALERT level=MEDIUM rule=T1082_system_info_discovery runtime=docker service=auth_service env= state=resolved pod=order-processor-auth_service namespace= pid=1006028 ppid=2868372 uid=1000 comm=cat filename=/etc/passwd msg=Container accessed system file: /etc/passwd
[2026-06-03 15:32:15] ALERT level=HIGH rule=T1041_exfiltration_over_c2 runtime=docker service=inventory_service env= state=resolved pod=order-processor-inventory_service namespace= pid=2868345 ppid=2868312 uid=0 comm=python dst=172.66.172.219:443 msg=Container made unauthorized external connection to 172.66.172.219:443
[2026-06-03 15:32:15] ALERT level=HIGH rule=T1041_exfiltration_over_c2 runtime=docker service=inventory_service env= state=resolved pod=order-processor-inventory_service namespace= pid=2868345 ppid=2868312 uid=0 comm=python dst=104.20.41.132:443 msg=Container made unauthorized external connection to 104.20.41.132:443
[2026-06-03 15:32:15] ALERT level=HIGH rule=T1041_exfiltration_over_c2 runtime=docker service=inventory_service env= state=resolved pod=order-processor-inventory_service namespace= pid=2868345 ppid=2868312 uid=0 comm=python dst=172.66.172.219:443 msg=Container made unauthorized external connection to 172.66.172.219:443
[2026-06-03 15:33:53] ALERT level=CRITICAL rule=T1059_unix_shell_execution runtime=docker service=auth_service env= state=resolved pod=order-processor-auth_service namespace= pid=1008553 ppid=2868372 uid=1000 comm=/bin/sh action=kill_process msg=Shell spawned from container — possible RCE
[2026-06-03 15:37:26] ALERT level=HIGH rule=T1041_exfiltration_over_c2 runtime=docker service=inventory_service env= state=resolved pod=order-processor-inventory_service namespace= pid=2868345 ppid=2868312 uid=0 comm=python dst=172.66.172.219:443 msg=Container made unauthorized external connection to 172.66.172.219:443
[2026-06-03 15:37:26] ALERT level=HIGH rule=T1041_exfiltration_over_c2 runtime=docker service=inventory_service env= state=resolved pod=order-processor-inventory_service namespace= pid=2868345 ppid=2868312 uid=0 comm=python dst=104.20.41.132:443 msg=Container made unauthorized external connection to 104.20.41.132:443
[2026-06-03 15:37:26] ALERT level=HIGH rule=T1041_exfiltration_over_c2 runtime=docker service=inventory_service env= state=resolved pod=order-processor-inventory_service namespace= pid=2868345 ppid=2868312 uid=0 comm=python dst=172.66.172.219:443 msg=Container made unauthorized external connection to 172.66.172.219:443
[2026-06-03 15:41:48] ALERT level=HIGH rule=T1053_003_scheduled_task_cron runtime=docker service=auth_service env= state=resolved pod=order-processor-auth_service namespace= pid=1012368 ppid=2868372 uid=1000 comm=cat filename=/etc/crontab msg=Container accessed cron configuration: /etc/crontab
[2026-06-03 15:41:58] ALERT level=MEDIUM rule=T1070_003_clear_command_history runtime=docker service=auth_service env= state=resolved pod=order-processor-auth_service namespace= pid=1012455 ppid=2868372 uid=1000 comm=cat filename=/root/.bash_history msg=Container accessed command history file: /root/.bash_history
[2026-06-03 15:42:37] ALERT level=HIGH rule=T1041_exfiltration_over_c2 runtime=docker service=inventory_service env= state=resolved pod=order-processor-inventory_service namespace= pid=2868345 ppid=2868312 uid=0 comm=python dst=172.66.172.219:443 msg=Container made unauthorized external connection to 172.66.172.219:443
[2026-06-03 15:42:37] ALERT level=HIGH rule=T1041_exfiltration_over_c2 runtime=docker service=inventory_service env= state=resolved pod=order-processor-inventory_service namespace= pid=2868345 ppid=2868312 uid=0 comm=python dst=104.20.41.132:443 msg=Container made unauthorized external connection to 104.20.41.132:443
[2026-06-03 15:42:37] ALERT level=HIGH rule=T1041_exfiltration_over_c2 runtime=docker service=inventory_service env= state=resolved pod=order-processor-inventory_service namespace= pid=2868345 ppid=2868312 uid=0 comm=python dst=172.66.172.219:443 msg=Container made unauthorized external connection to 172.66.172.219:443
[2026-06-03 15:42:47] ALERT level=HIGH rule=T1053_003_scheduled_task_cron runtime=docker service= env= state=unknown pod= namespace= pid=1012341 ppid=2840117 uid=0 comm=exe filename=/etc/crontab msg=Container accessed cron configuration: /etc/crontab
[2026-06-03 15:42:56] ALERT level=MEDIUM rule=T1070_003_clear_command_history runtime=docker service= env= state=unknown pod= namespace= pid=1012428 ppid=2840117 uid=0 comm=exe filename=/root/.bash_history msg=Container accessed command history file: /root/.bash_history
[2026-06-03 15:46:28] ALERT level=HIGH rule=T1036_masquerading runtime=docker service=auth_service env= state=resolved pod=order-processor-auth_service namespace= pid=1014344 ppid=1014335 uid=1000 comm=/tmp/sshd msg=Process running from suspicious path: /tmp/sshd
[2026-06-03 15:47:48] ALERT level=HIGH rule=T1041_exfiltration_over_c2 runtime=docker service=inventory_service env= state=resolved pod=order-processor-inventory_service namespace= pid=2868345 ppid=2868312 uid=0 comm=python dst=172.66.172.219:443 msg=Container made unauthorized external connection to 172.66.172.219:443
[2026-06-03 15:47:48] ALERT level=HIGH rule=T1041_exfiltration_over_c2 runtime=docker service=inventory_service env= state=resolved pod=order-processor-inventory_service namespace= pid=2868345 ppid=2868312 uid=0 comm=python dst=104.20.41.132:443 msg=Container made unauthorized external connection to 104.20.41.132:443
[2026-06-03 15:47:48] ALERT level=HIGH rule=T1041_exfiltration_over_c2 runtime=docker service=inventory_service env= state=resolved pod=order-processor-inventory_service namespace= pid=2868345 ppid=2868312 uid=0 comm=python dst=172.66.172.219:443 msg=Container made unauthorized external connection to 172.66.172.219:443
[2026-06-03 15:49:51] ALERT level=CRITICAL rule=T1059_unix_shell_execution runtime=docker service=auth_service env= state=resolved pod=order-processor-auth_service namespace= pid=1015793 ppid=1015783 uid=1000 comm=/usr/bin/bash action=kill_process msg=Shell spawned from container — possible RCE
[2026-06-03 15:49:58] ALERT level=HIGH rule=T1003_008_os_credential_dumping runtime=docker service=auth_service env= state=resolved pod=order-processor-auth_service namespace= pid=1015963 ppid=2868372 uid=1000 comm=cat filename=/etc/shadow action=kill_process msg=Container accessed OS credential file: /etc/shadow
[2026-06-03 15:52:59] ALERT level=HIGH rule=T1041_exfiltration_over_c2 runtime=docker service=inventory_service env= state=resolved pod=order-processor-inventory_service namespace= pid=2868345 ppid=2868312 uid=0 comm=python dst=172.66.172.219:443 msg=Container made unauthorized external connection to 172.66.172.219:443
[2026-06-03 15:52:59] ALERT level=HIGH rule=T1041_exfiltration_over_c2 runtime=docker service=inventory_service env= state=resolved pod=order-processor-inventory_service namespace= pid=2868345 ppid=2868312 uid=0 comm=python dst=104.20.41.132:443 msg=Container made unauthorized external connection to 104.20.41.132:443
[2026-06-03 15:52:59] ALERT level=HIGH rule=T1041_exfiltration_over_c2 runtime=docker service=inventory_service env= state=resolved pod=order-processor-inventory_service namespace= pid=2868345 ppid=2868312 uid=0 comm=python dst=172.66.172.219:443 msg=Container made unauthorized external connection to 172.66.172.219:443
[2026-06-03 15:58:10] ALERT level=HIGH rule=T1041_exfiltration_over_c2 runtime=docker service=inventory_service env= state=resolved pod=order-processor-inventory_service namespace= pid=2868345 ppid=2868312 uid=0 comm=python dst=172.66.172.219:443 msg=Container made unauthorized external connection to 172.66.172.219:443
[2026-06-03 15:58:10] ALERT level=HIGH rule=T1041_exfiltration_over_c2 runtime=docker service=inventory_service env= state=resolved pod=order-processor-inventory_service namespace= pid=2868345 ppid=2868312 uid=0 comm=python dst=104.20.41.132:443 msg=Container made unauthorized external connection to 104.20.41.132:443
[2026-06-03 15:58:10] ALERT level=HIGH rule=T1041_exfiltration_over_c2 runtime=docker service=inventory_service env= state=resolved pod=order-processor-inventory_service namespace= pid=2868345 ppid=2868312 uid=0 comm=python dst=172.66.172.219:443 msg=Container made unauthorized external connection to 172.66.172.219:443
[2026-06-03 15:58:18] ALERT level=CRITICAL rule=T1059_unix_shell_execution runtime=docker service=auth_service env= state=resolved pod=order-processor-auth_service namespace= pid=1020035 ppid=2868372 uid=1000 comm=/usr/bin/bash action=kill_process msg=Shell spawned from container — possible RCE
[2026-06-03 15:58:25] ALERT level=HIGH rule=T1003_008_os_credential_dumping runtime=docker service=auth_service env= state=resolved pod=order-processor-auth_service namespace= pid=1020169 ppid=2868372 uid=1000 comm=cat filename=/etc/shadow action=kill_process msg=Container accessed OS credential file: /etc/shadow
[2026-06-03 15:58:29] ALERT level=HIGH rule=T1552_004_private_keys runtime=docker service=auth_service env= state=resolved pod=order-processor-auth_service namespace= pid=1020267 ppid=2868372 uid=1000 comm=cat filename=/tmp/id_rsa action=kill_process msg=Container accessed private key file: /tmp/id_rsa
[2026-06-03 15:58:33] ALERT level=HIGH rule=T1041_exfiltration_over_c2 runtime=docker service=auth_service env= state=resolved pod=order-processor-auth_service namespace= pid=1020296 ppid=2868372 uid=1000 comm=python3 dst=8.8.8.8:80 msg=Container made unauthorized external connection to 8.8.8.8:80
[2026-06-03 15:59:21] ALERT level=CRITICAL rule=T1059_unix_shell_execution runtime=docker service=auth_service env= state=resolved pod=order-processor-auth_service namespace= pid=1020814 ppid=1020805 uid=1000 comm=/usr/bin/bash action=kill_process msg=Shell spawned from container — possible RCE
[2026-06-03 15:59:27] ALERT level=HIGH rule=T1003_008_os_credential_dumping runtime=docker service=auth_service env= state=resolved pod=order-processor-auth_service namespace= pid=1020980 ppid=2868372 uid=1000 comm=cat filename=/etc/shadow action=kill_process msg=Container accessed OS credential file: /etc/shadow
[2026-06-03 15:59:31] ALERT level=HIGH rule=T1552_004_private_keys runtime=docker service=auth_service env= state=resolved pod=order-processor-auth_service namespace= pid=1021046 ppid=2868372 uid=1000 comm=cat filename=/tmp/id_rsa action=kill_process msg=Container accessed private key file: /tmp/id_rsa
[2026-06-03 15:59:35] ALERT level=HIGH rule=T1041_exfiltration_over_c2 runtime=docker service=auth_service env= state=resolved pod=order-processor-auth_service namespace= pid=1021093 ppid=2868372 uid=1000 comm=python3 dst=8.8.8.8:80 msg=Container made unauthorized external connection to 8.8.8.8:80
[2026-06-03 15:59:43] ALERT level=CRITICAL rule=T1611_escape_to_host_fs runtime=docker service=host env= state=host pod= namespace= pid=1021200 ppid=1020681 uid=0 comm=cat filename=/var/lib/docker/overlay2/f86f442928dac89c8f6c8b68cd1d75aef96c870a79afe538757be46bbd9d0714/merged/etc/hostname action=kill_process msg=Host process accessed container filesystem: /var/lib/docker/overlay2/f86f442928dac89c8f6c8b68cd1d75aef96c870a79afe538757be46bbd9d0714/merged/etc/hostname
[2026-06-03 15:59:46] ALERT level=MEDIUM rule=T1082_system_info_discovery runtime=docker service=auth_service env= state=resolved pod=order-processor-auth_service namespace= pid=1021225 ppid=2868372 uid=1000 comm=cat filename=/etc/passwd msg=Container accessed system file: /etc/passwd
[2026-06-03 15:59:50] ALERT level=HIGH rule=T1036_masquerading runtime=docker service=auth_service env= state=resolved pod=order-processor-auth_service namespace= pid=1021282 ppid=1021273 uid=1000 comm=/tmp/sshd msg=Process running from suspicious path: /tmp/sshd
[2026-06-03 15:59:54] ALERT level=HIGH rule=T1053_003_scheduled_task_cron runtime=docker service=auth_service env= state=resolved pod=order-processor-auth_service namespace= pid=1021346 ppid=2868372 uid=1000 comm=cat filename=/etc/crontab msg=Container accessed cron configuration: /etc/crontab
[2026-06-03 16:00:29] ALERT level=HIGH rule=T1552_004_private_keys runtime=docker service= env= state=unknown pod= namespace= pid=1021001 ppid=2840117 uid=0 comm=exe filename=/tmp/id_rsa action=kill_process msg=Container accessed private key file: /tmp/id_rsa
[2026-06-03 16:00:53] ALERT level=HIGH rule=T1053_003_scheduled_task_cron runtime=docker service= env= state=unknown pod= namespace= pid=1021318 ppid=2840117 uid=0 comm=exe filename=/etc/crontab msg=Container accessed cron configuration: /etc/crontab
[2026-06-03 16:11:51.409862] ALERT level=CRITICAL rule=T1059_unix_shell_execution runtime=docker service=auth_service env= state=resolved pod=order-processor-auth_service namespace= pid=1027272 ppid=1027263 uid=1000 comm=/usr/bin/bash action=kill_process msg=Shell spawned from container — possible RCE
[2026-06-03 16:11:58.075398] ALERT level=HIGH rule=T1003_008_os_credential_dumping runtime=docker service=auth_service env= state=resolved pod=order-processor-auth_service namespace= pid=1027400 ppid=2868372 uid=1000 comm=cat filename=/etc/shadow action=kill_process msg=Container accessed OS credential file: /etc/shadow
[2026-06-03 16:12:02.185344] ALERT level=HIGH rule=T1552_004_private_keys runtime=docker service=auth_service env= state=resolved pod=order-processor-auth_service namespace= pid=1027446 ppid=2868372 uid=1000 comm=cat filename=/tmp/id_rsa action=kill_process msg=Container accessed private key file: /tmp/id_rsa
[2026-06-03 16:12:05.518540] ALERT level=HIGH rule=T1041_exfiltration_over_c2 runtime=docker service=auth_service env= state=resolved pod=order-processor-auth_service namespace= pid=1027505 ppid=2868372 uid=1000 comm=python3 dst=8.8.8.8:80 msg=Container made unauthorized external connection to 8.8.8.8:80
[2026-06-03 16:12:14.008371] ALERT level=CRITICAL rule=T1611_escape_to_host_fs runtime=docker service=host env= state=host pod= namespace= pid=1027582 ppid=1027152 uid=0 comm=cat filename=/var/lib/docker/overlay2/f86f442928dac89c8f6c8b68cd1d75aef96c870a79afe538757be46bbd9d0714/merged/etc/hostname action=kill_process msg=Host process accessed container filesystem: /var/lib/docker/overlay2/f86f442928dac89c8f6c8b68cd1d75aef96c870a79afe538757be46bbd9d0714/merged/etc/hostname
[2026-06-03 16:12:17.181576] ALERT level=MEDIUM rule=T1082_system_info_discovery runtime=docker service=auth_service env= state=resolved pod=order-processor-auth_service namespace= pid=1027623 ppid=2868372 uid=1000 comm=cat filename=/etc/passwd msg=Container accessed system file: /etc/passwd
[2026-06-03 16:12:21.569534] ALERT level=HIGH rule=T1036_masquerading runtime=docker service=auth_service env= state=resolved pod=order-processor-auth_service namespace= pid=1027696 ppid=1027686 uid=1000 comm=/tmp/sshd msg=Process running from suspicious path: /tmp/sshd
[2026-06-03 16:12:25.517825] ALERT level=HIGH rule=T1053_003_scheduled_task_cron runtime=docker service=auth_service env= state=resolved pod=order-processor-auth_service namespace= pid=1027806 ppid=2868372 uid=1000 comm=cat filename=/etc/crontab msg=Container accessed cron configuration: /etc/crontab
[2026-06-03 16:12:29.130452] ALERT level=MEDIUM rule=T1070_003_clear_command_history runtime=docker service=auth_service env= state=resolved pod=order-processor-auth_service namespace= pid=1027853 ppid=2868372 uid=1000 comm=cat filename=/tmp/.bash_history msg=Container accessed command history file: /tmp/.bash_history
[2026-06-03 16:12:59.324792] ALERT level=HIGH rule=T1552_004_private_keys runtime=docker service= env= state=unknown pod= namespace= pid=1027419 ppid=2840117 uid=0 comm=exe filename=/tmp/id_rsa action=kill_process msg=Container accessed private key file: /tmp/id_rsa
[2026-06-03 16:13:23.321685] ALERT level=HIGH rule=T1053_003_scheduled_task_cron runtime=docker service= env= state=unknown pod= namespace= pid=1027764 ppid=2840117 uid=0 comm=exe filename=/etc/crontab msg=Container accessed cron configuration: /etc/crontab
[2026-06-03 16:13:26.321992] ALERT level=MEDIUM rule=T1070_003_clear_command_history runtime=docker service= env= state=unknown pod= namespace= pid=1027826 ppid=2840117 uid=0 comm=exe filename=/tmp/.bash_history msg=Container accessed command history file: /tmp/.bash_history
[2026-06-03 16:28:39.466147] ALERT level=CRITICAL rule=T1059_unix_shell_execution runtime=docker service=auth_service env= state=resolved pod=order-processor-auth_service namespace= pid=1033731 ppid=1033722 uid=1000 comm=/usr/bin/bash action=kill_process msg=Shell spawned from container — possible RCE
[2026-06-03 16:28:46.173695] ALERT level=HIGH rule=T1003_008_os_credential_dumping runtime=docker service=auth_service env= state=resolved pod=order-processor-auth_service namespace= pid=1033882 ppid=2868372 uid=1000 comm=cat filename=/etc/shadow action=kill_process msg=Container accessed OS credential file: /etc/shadow
[2026-06-03 16:28:50.219168] ALERT level=HIGH rule=T1552_004_private_keys runtime=docker service=auth_service env= state=resolved pod=order-processor-auth_service namespace= pid=1033945 ppid=2868372 uid=1000 comm=cat filename=/tmp/id_rsa action=kill_process msg=Container accessed private key file: /tmp/id_rsa
[2026-06-03 16:28:53.498066] ALERT level=HIGH rule=T1041_exfiltration_over_c2 runtime=docker service=auth_service env= state=resolved pod=order-processor-auth_service namespace= pid=1033972 ppid=2868372 uid=1000 comm=python3 dst=8.8.8.8:80 msg=Container made unauthorized external connection to 8.8.8.8:80
[2026-06-03 16:29:01.973450] ALERT level=CRITICAL rule=T1611_escape_to_host_fs runtime=docker service=host env= state=host pod= namespace= pid=1034066 ppid=1033590 uid=0 comm=cat filename=/var/lib/docker/overlay2/f86f442928dac89c8f6c8b68cd1d75aef96c870a79afe538757be46bbd9d0714/merged/etc/hostname action=kill_process msg=Host process accessed container filesystem: /var/lib/docker/overlay2/f86f442928dac89c8f6c8b68cd1d75aef96c870a79afe538757be46bbd9d0714/merged/etc/hostname
[2026-06-03 16:29:05.156145] ALERT level=MEDIUM rule=T1082_system_info_discovery runtime=docker service=auth_service env= state=resolved pod=order-processor-auth_service namespace= pid=1034091 ppid=2868372 uid=1000 comm=cat filename=/etc/passwd msg=Container accessed system file: /etc/passwd
[2026-06-03 16:29:09.484133] ALERT level=HIGH rule=T1036_masquerading runtime=docker service=auth_service env= state=resolved pod=order-processor-auth_service namespace= pid=1034145 ppid=1034135 uid=1000 comm=/tmp/sshd msg=Process running from suspicious path: /tmp/sshd
[2026-06-03 16:29:13.461261] ALERT level=HIGH rule=T1053_003_scheduled_task_cron runtime=docker service=auth_service env= state=resolved pod=order-processor-auth_service namespace= pid=1034237 ppid=2868372 uid=1000 comm=cat filename=/etc/crontab msg=Container accessed cron configuration: /etc/crontab
[2026-06-03 16:29:16.982854] ALERT level=MEDIUM rule=T1070_003_clear_command_history runtime=docker service=auth_service env= state=resolved pod=order-processor-auth_service namespace= pid=1034284 ppid=2868372 uid=1000 comm=cat filename=/tmp/.bash_history msg=Container accessed command history file: /tmp/.bash_history
[2026-06-03 16:29:49.883554] ALERT level=HIGH rule=T1552_004_private_keys runtime=docker service= env= state=unknown pod= namespace= pid=1033917 ppid=2840117 uid=0 comm=exe filename=/tmp/id_rsa action=kill_process msg=Container accessed private key file: /tmp/id_rsa
[2026-06-03 16:30:10.873289] ALERT level=HIGH rule=T1053_003_scheduled_task_cron runtime=docker service= env= state=unknown pod= namespace= pid=1034209 ppid=2840117 uid=0 comm=exe filename=/etc/crontab msg=Container accessed cron configuration: /etc/crontab
[2026-06-03 16:30:13.875112] ALERT level=MEDIUM rule=T1070_003_clear_command_history runtime=docker service= env= state=unknown pod= namespace= pid=1034256 ppid=2840117 uid=0 comm=exe filename=/tmp/.bash_history msg=Container accessed command history file: /tmp/.bash_history
[2026-06-03 16:53:18.953480] ALERT level=CRITICAL rule=T1059_unix_shell_execution runtime=docker service=auth_service env= state=resolved pod=order-processor-auth_service namespace= pid=1044889 ppid=1044879 uid=1000 comm=/usr/bin/bash action=kill_process msg=Shell spawned from container — possible RCE
[2026-06-03 16:53:25.681407] ALERT level=HIGH rule=T1003_008_os_credential_dumping runtime=docker service=auth_service env= state=resolved pod=order-processor-auth_service namespace= pid=1044996 ppid=2868372 uid=1000 comm=cat filename=/etc/shadow action=kill_process msg=Container accessed OS credential file: /etc/shadow
[2026-06-03 16:53:29.822060] ALERT level=HIGH rule=T1552_004_private_keys runtime=docker service=auth_service env= state=resolved pod=order-processor-auth_service namespace= pid=1045078 ppid=2868372 uid=1000 comm=cat filename=/tmp/id_rsa action=kill_process msg=Container accessed private key file: /tmp/id_rsa
[2026-06-03 16:53:33.202622] ALERT level=HIGH rule=T1041_exfiltration_over_c2 runtime=docker service=auth_service env= state=resolved pod=order-processor-auth_service namespace= pid=1045105 ppid=2868372 uid=1000 comm=python3 dst=8.8.8.8:80 msg=Container made unauthorized external connection to 8.8.8.8:80
[2026-06-03 16:53:41.791782] ALERT level=CRITICAL rule=T1611_escape_to_host_fs runtime=docker service=host env= state=host pod= namespace= pid=1045210 ppid=1044753 uid=0 comm=cat filename=/var/lib/docker/overlay2/f86f442928dac89c8f6c8b68cd1d75aef96c870a79afe538757be46bbd9d0714/merged/etc/hostname action=kill_process msg=Host process accessed container filesystem: /var/lib/docker/overlay2/f86f442928dac89c8f6c8b68cd1d75aef96c870a79afe538757be46bbd9d0714/merged/etc/hostname
[2026-06-03 16:53:45.044551] ALERT level=MEDIUM rule=T1082_system_info_discovery runtime=docker service=auth_service env= state=resolved pod=order-processor-auth_service namespace= pid=1045296 ppid=2868372 uid=1000 comm=cat filename=/etc/passwd msg=Container accessed system file: /etc/passwd
[2026-06-03 16:53:49.568856] ALERT level=HIGH rule=T1036_masquerading runtime=docker service=auth_service env= state=resolved pod=order-processor-auth_service namespace= pid=1045399 ppid=1045390 uid=1000 comm=/tmp/sshd msg=Process running from suspicious path: /tmp/sshd
[2026-06-03 16:53:53.896151] ALERT level=HIGH rule=T1053_003_scheduled_task_cron runtime=docker service=auth_service env= state=resolved pod=order-processor-auth_service namespace= pid=1045444 ppid=2868372 uid=1000 comm=cat filename=/etc/crontab msg=Container accessed cron configuration: /etc/crontab
[2026-06-03 16:53:57.839909] ALERT level=MEDIUM rule=T1070_003_clear_command_history runtime=docker service=auth_service env= state=resolved pod=order-processor-auth_service namespace= pid=1045494 ppid=2868372 uid=1000 comm=cat filename=/tmp/.bash_history msg=Container accessed command history file: /tmp/.bash_history
[2026-06-03 16:54:27.614194] ALERT level=HIGH rule=T1552_004_private_keys runtime=docker service= env= state=unknown pod= namespace= pid=1045033 ppid=2840117 uid=0 comm=exe filename=/tmp/id_rsa action=kill_process msg=Container accessed private key file: /tmp/id_rsa
[2026-06-03 16:54:51.612302] ALERT level=HIGH rule=T1053_003_scheduled_task_cron runtime=docker service= env= state=unknown pod= namespace= pid=1045417 ppid=2840117 uid=0 comm=exe filename=/etc/crontab msg=Container accessed cron configuration: /etc/crontab
[2026-06-03 16:54:54.611872] ALERT level=MEDIUM rule=T1070_003_clear_command_history runtime=docker service= env= state=unknown pod= namespace= pid=1045464 ppid=2840117 uid=0 comm=exe filename=/tmp/.bash_history msg=Container accessed command history file: /tmp/.bash_history
[2026-06-03 16:56:34.928687] ALERT level=CRITICAL rule=T1059_unix_shell_execution runtime=docker service=auth_service env= state=resolved pod=order-processor-auth_service namespace= pid=1046631 ppid=1046622 uid=1000 comm=/usr/bin/bash action=kill_process msg=Shell spawned from container — possible RCE
[2026-06-03 16:56:42.713795] ALERT level=HIGH rule=T1003_008_os_credential_dumping runtime=docker service=auth_service env= state=resolved pod=order-processor-auth_service namespace= pid=1046783 ppid=2868372 uid=1000 comm=cat filename=/etc/shadow action=kill_process msg=Container accessed OS credential file: /etc/shadow
[2026-06-03 16:56:47.568199] ALERT level=HIGH rule=T1552_004_private_keys runtime=docker service=auth_service env= state=resolved pod=order-processor-auth_service namespace= pid=1046898 ppid=2868372 uid=1000 comm=cat filename=/tmp/id_rsa action=kill_process msg=Container accessed private key file: /tmp/id_rsa
[2026-06-03 16:56:51.164248] ALERT level=HIGH rule=T1041_exfiltration_over_c2 runtime=docker service=auth_service env= state=resolved pod=order-processor-auth_service namespace= pid=1046975 ppid=2868372 uid=1000 comm=python3 dst=8.8.8.8:80 msg=Container made unauthorized external connection to 8.8.8.8:80
[2026-06-03 16:57:00.183494] ALERT level=CRITICAL rule=T1611_escape_to_host_fs runtime=docker service=host env= state=host pod= namespace= pid=1047047 ppid=1046501 uid=0 comm=cat filename=/var/lib/docker/overlay2/f86f442928dac89c8f6c8b68cd1d75aef96c870a79afe538757be46bbd9d0714/merged/etc/hostname action=kill_process msg=Host process accessed container filesystem: /var/lib/docker/overlay2/f86f442928dac89c8f6c8b68cd1d75aef96c870a79afe538757be46bbd9d0714/merged/etc/hostname
[2026-06-03 16:57:03.496948] ALERT level=MEDIUM rule=T1082_system_info_discovery runtime=docker service=auth_service env= state=resolved pod=order-processor-auth_service namespace= pid=1047086 ppid=2868372 uid=1000 comm=cat filename=/etc/passwd msg=Container accessed system file: /etc/passwd
[2026-06-03 16:57:08.157406] ALERT level=HIGH rule=T1036_masquerading runtime=docker service=auth_service env= state=resolved pod=order-processor-auth_service namespace= pid=1047160 ppid=1047150 uid=1000 comm=/tmp/sshd msg=Process running from suspicious path: /tmp/sshd
[2026-06-03 16:57:12.674175] ALERT level=HIGH rule=T1053_003_scheduled_task_cron runtime=docker service=auth_service env= state=resolved pod=order-processor-auth_service namespace= pid=1047209 ppid=2868372 uid=1000 comm=cat filename=/etc/crontab msg=Container accessed cron configuration: /etc/crontab
[2026-06-03 16:57:17.289136] ALERT level=MEDIUM rule=T1070_003_clear_command_history runtime=docker service=auth_service env= state=resolved pod=order-processor-auth_service namespace= pid=1047281 ppid=2868372 uid=1000 comm=cat filename=/tmp/.bash_history msg=Container accessed command history file: /tmp/.bash_history
[2026-06-03 16:57:45.620184] ALERT level=HIGH rule=T1552_004_private_keys runtime=docker service= env= state=unknown pod= namespace= pid=1046871 ppid=2840117 uid=0 comm=exe filename=/tmp/id_rsa action=kill_process msg=Container accessed private key file: /tmp/id_rsa
[2026-06-03 16:58:09.613722] ALERT level=HIGH rule=T1053_003_scheduled_task_cron runtime=docker service= env= state=unknown pod= namespace= pid=1047181 ppid=2840117 uid=0 comm=exe filename=/etc/crontab msg=Container accessed cron configuration: /etc/crontab
[2026-06-03 16:58:15.611207] ALERT level=MEDIUM rule=T1070_003_clear_command_history runtime=docker service= env= state=unknown pod= namespace= pid=1047236 ppid=2840117 uid=0 comm=exe filename=/tmp/.bash_history msg=Container accessed command history file: /tmp/.bash_history
[2026-06-03 17:48:16.164459] ALERT level=CRITICAL rule=T1059_unix_shell_execution runtime=docker service=auth_service env= state=resolved pod=order-processor-auth_service namespace= pid=1065126 ppid=1065116 uid=1000 comm=/usr/bin/bash action=kill_process msg=Shell spawned from container — possible RCE
[2026-06-03 17:48:23.031159] ALERT level=HIGH rule=T1003_008_os_credential_dumping runtime=docker service=auth_service env= state=resolved pod=order-processor-auth_service namespace= pid=1065258 ppid=2868372 uid=1000 comm=cat filename=/etc/shadow action=kill_process msg=Container accessed OS credential file: /etc/shadow
[2026-06-03 17:48:27.422957] ALERT level=HIGH rule=T1552_004_private_keys runtime=docker service=auth_service env= state=resolved pod=order-processor-auth_service namespace= pid=1065313 ppid=2868372 uid=1000 comm=cat filename=/tmp/id_rsa action=kill_process msg=Container accessed private key file: /tmp/id_rsa
[2026-06-03 17:48:30.733420] ALERT level=HIGH rule=T1041_exfiltration_over_c2 runtime=docker service=auth_service env= state=resolved pod=order-processor-auth_service namespace= pid=1065391 ppid=2868372 uid=1000 comm=python3 dst=8.8.8.8:80 action=block_ip msg=Container made unauthorized external connection to 8.8.8.8:80
[2026-06-03 17:48:39.407012] ALERT level=CRITICAL rule=T1611_escape_to_host_fs runtime=docker service=host env= state=host pod= namespace= pid=1065464 ppid=1065006 uid=0 comm=cat filename=/var/lib/docker/overlay2/f86f442928dac89c8f6c8b68cd1d75aef96c870a79afe538757be46bbd9d0714/merged/etc/hostname action=kill_process msg=Host process accessed container filesystem: /var/lib/docker/overlay2/f86f442928dac89c8f6c8b68cd1d75aef96c870a79afe538757be46bbd9d0714/merged/etc/hostname
[2026-06-03 17:48:42.828452] ALERT level=MEDIUM rule=T1082_system_info_discovery runtime=docker service=auth_service env= state=resolved pod=order-processor-auth_service namespace= pid=1065519 ppid=2868372 uid=1000 comm=cat filename=/etc/passwd msg=Container accessed system file: /etc/passwd
[2026-06-03 17:48:47.279962] ALERT level=HIGH rule=T1036_masquerading runtime=docker service=auth_service env= state=resolved pod=order-processor-auth_service namespace= pid=1065586 ppid=2868372 uid=1000 comm=/tmp/sshd msg=Process running from suspicious path: /tmp/sshd
[2026-06-03 17:48:51.535311] ALERT level=HIGH rule=T1053_003_scheduled_task_cron runtime=docker service=auth_service env= state=resolved pod=order-processor-auth_service namespace= pid=1065669 ppid=2868372 uid=1000 comm=cat filename=/etc/crontab msg=Container accessed cron configuration: /etc/crontab
[2026-06-03 17:48:55.699369] ALERT level=MEDIUM rule=T1070_003_clear_command_history runtime=docker service=auth_service env= state=resolved pod=order-processor-auth_service namespace= pid=1065734 ppid=2868372 uid=1000 comm=cat filename=/tmp/.bash_history msg=Container accessed command history file: /tmp/.bash_history
[2026-06-03 17:49:26.253877] ALERT level=HIGH rule=T1552_004_private_keys runtime=docker service= env= state=unknown pod= namespace= pid=1065285 ppid=2840117 uid=0 comm=exe filename=/tmp/id_rsa action=kill_process msg=Container accessed private key file: /tmp/id_rsa
[2026-06-03 17:49:50.235625] ALERT level=HIGH rule=T1053_003_scheduled_task_cron runtime=docker service= env= state=unknown pod= namespace= pid=1065626 ppid=2840117 uid=0 comm=exe filename=/etc/crontab msg=Container accessed cron configuration: /etc/crontab
[2026-06-03 17:49:53.233461] ALERT level=MEDIUM rule=T1070_003_clear_command_history runtime=docker service= env= state=unknown pod= namespace= pid=1065703 ppid=2840117 uid=0 comm=exe filename=/tmp/.bash_history msg=Container accessed command history file: /tmp/.bash_history
[2026-06-03 17:58:51.787886] ALERT level=CRITICAL rule=T1059_unix_shell_execution runtime=docker service=auth_service env= state=resolved pod=order-processor-auth_service namespace= pid=1070085 ppid=1070075 uid=1000 comm=/usr/bin/bash action=kill_process msg=Shell spawned from container — possible RCE
[2026-06-03 17:58:58.946969] ALERT level=HIGH rule=T1003_008_os_credential_dumping runtime=docker service=auth_service env= state=resolved pod=order-processor-auth_service namespace= pid=1070240 ppid=2868372 uid=1000 comm=cat filename=/etc/shadow action=kill_process msg=Container accessed OS credential file: /etc/shadow
[2026-06-03 17:59:03.270220] ALERT level=HIGH rule=T1552_004_private_keys runtime=docker service=auth_service env= state=resolved pod=order-processor-auth_service namespace= pid=1070307 ppid=2868372 uid=1000 comm=cat filename=/tmp/id_rsa action=kill_process msg=Container accessed private key file: /tmp/id_rsa
[2026-06-03 17:59:06.714096] ALERT level=HIGH rule=T1041_exfiltration_over_c2 runtime=docker service=auth_service env= state=resolved pod=order-processor-auth_service namespace= pid=1070342 ppid=2868372 uid=1000 comm=python3 dst=8.8.8.8:80 action=block_ip msg=Container made unauthorized external connection to 8.8.8.8:80
[2026-06-03 17:59:15.421932] ALERT level=CRITICAL rule=T1611_escape_to_host_fs runtime=docker service=host env= state=host pod= namespace= pid=1070458 ppid=1069962 uid=0 comm=cat filename=/var/lib/docker/overlay2/f86f442928dac89c8f6c8b68cd1d75aef96c870a79afe538757be46bbd9d0714/merged/etc/hostname action=kill_process msg=Host process accessed container filesystem: /var/lib/docker/overlay2/f86f442928dac89c8f6c8b68cd1d75aef96c870a79afe538757be46bbd9d0714/merged/etc/hostname
[2026-06-03 17:59:18.730322] ALERT level=MEDIUM rule=T1082_system_info_discovery runtime=docker service=auth_service env= state=resolved pod=order-processor-auth_service namespace= pid=1070515 ppid=2868372 uid=1000 comm=cat filename=/etc/passwd msg=Container accessed system file: /etc/passwd
[2026-06-03 17:59:23.152261] ALERT level=HIGH rule=T1036_masquerading runtime=docker service=auth_service env= state=resolved pod=order-processor-auth_service namespace= pid=1070589 ppid=1070579 uid=1000 comm=/tmp/sshd msg=Process running from suspicious path: /tmp/sshd
[2026-06-03 17:59:27.457444] ALERT level=HIGH rule=T1053_003_scheduled_task_cron runtime=docker service=auth_service env= state=resolved pod=order-processor-auth_service namespace= pid=1070636 ppid=2868372 uid=1000 comm=cat filename=/etc/crontab msg=Container accessed cron configuration: /etc/crontab
[2026-06-03 17:59:31.629359] ALERT level=MEDIUM rule=T1070_003_clear_command_history runtime=docker service=auth_service env= state=resolved pod=order-processor-auth_service namespace= pid=1070700 ppid=2868372 uid=1000 comm=cat filename=/tmp/.bash_history msg=Container accessed command history file: /tmp/.bash_history
[2026-06-03 18:00:01.549988] ALERT level=HIGH rule=T1552_004_private_keys runtime=docker service= env= state=unknown pod= namespace= pid=1070280 ppid=2840117 uid=0 comm=exe filename=/tmp/id_rsa action=kill_process msg=Container accessed private key file: /tmp/id_rsa
[2026-06-03 18:00:25.554959] ALERT level=HIGH rule=T1053_003_scheduled_task_cron runtime=docker service= env= state=unknown pod= namespace= pid=1070609 ppid=2840117 uid=0 comm=exe filename=/etc/crontab msg=Container accessed cron configuration: /etc/crontab
[2026-06-03 18:00:28.541825] ALERT level=MEDIUM rule=T1070_003_clear_command_history runtime=docker service= env= state=unknown pod= namespace= pid=1070672 ppid=2840117 uid=0 comm=exe filename=/tmp/.bash_history msg=Container accessed command history file: /tmp/.bash_history
[2026-06-03 18:03:19.453633] ALERT level=CRITICAL rule=T1059_unix_shell_execution runtime=docker service=auth_service env= state=resolved pod=order-processor-auth_service namespace= pid=1072811 ppid=1072802 uid=1000 comm=/usr/bin/bash action=kill_process msg=Shell spawned from container — possible RCE
[2026-06-03 18:03:26.512153] ALERT level=HIGH rule=T1003_008_os_credential_dumping runtime=docker service=auth_service env= state=resolved pod=order-processor-auth_service namespace= pid=1072948 ppid=2868372 uid=1000 comm=cat filename=/etc/shadow action=kill_process msg=Container accessed OS credential file: /etc/shadow
[2026-06-03 18:03:30.876973] ALERT level=HIGH rule=T1552_004_private_keys runtime=docker service=auth_service env= state=resolved pod=order-processor-auth_service namespace= pid=1073012 ppid=2868372 uid=1000 comm=cat filename=/tmp/id_rsa action=kill_process msg=Container accessed private key file: /tmp/id_rsa
[2026-06-03 18:03:37.275251] ALERT level=HIGH rule=T1041_exfiltration_over_c2 runtime=docker service=auth_service env= state=resolved pod=order-processor-auth_service namespace= pid=1073093 ppid=2868372 uid=1000 comm=python3 dst=1.1.1.1:80 action=block_ip msg=Container made unauthorized external connection to 1.1.1.1:80
[2026-06-03 18:03:44.137686] ALERT level=CRITICAL rule=T1611_escape_to_host_fs runtime=docker service=host env= state=host pod= namespace= pid=1073188 ppid=1072671 uid=0 comm=cat filename=/var/lib/docker/overlay2/f86f442928dac89c8f6c8b68cd1d75aef96c870a79afe538757be46bbd9d0714/merged/etc/hostname action=kill_process msg=Host process accessed container filesystem: /var/lib/docker/overlay2/f86f442928dac89c8f6c8b68cd1d75aef96c870a79afe538757be46bbd9d0714/merged/etc/hostname
[2026-06-03 18:03:47.485092] ALERT level=MEDIUM rule=T1082_system_info_discovery runtime=docker service=auth_service env= state=resolved pod=order-processor-auth_service namespace= pid=1073242 ppid=2868372 uid=1000 comm=cat filename=/etc/passwd msg=Container accessed system file: /etc/passwd
[2026-06-03 18:03:51.885940] ALERT level=HIGH rule=T1036_masquerading runtime=docker service=auth_service env= state=resolved pod=order-processor-auth_service namespace= pid=1073309 ppid=1073299 uid=1000 comm=/tmp/sshd msg=Process running from suspicious path: /tmp/sshd
[2026-06-03 18:03:57.110831] ALERT level=HIGH rule=T1053_003_scheduled_task_cron runtime=docker service=auth_service env= state=resolved pod=order-processor-auth_service namespace= pid=1073407 ppid=2868372 uid=1000 comm=cat filename=/etc/crontab msg=Container accessed cron configuration: /etc/crontab
[2026-06-03 18:04:01.598864] ALERT level=MEDIUM rule=T1070_003_clear_command_history runtime=docker service=auth_service env= state=resolved pod=order-processor-auth_service namespace= pid=1073472 ppid=2868372 uid=1000 comm=cat filename=/tmp/.bash_history msg=Container accessed command history file: /tmp/.bash_history
[2026-06-03 18:04:28.551362] ALERT level=HIGH rule=T1552_004_private_keys runtime=docker service= env= state=unknown pod= namespace= pid=1072984 ppid=2840117 uid=0 comm=exe filename=/tmp/id_rsa action=kill_process msg=Container accessed private key file: /tmp/id_rsa
[2026-06-03 18:04:55.542553] ALERT level=HIGH rule=T1053_003_scheduled_task_cron runtime=docker service= env= state=unknown pod= namespace= pid=1073344 ppid=2840117 uid=0 comm=exe filename=/etc/crontab msg=Container accessed cron configuration: /etc/crontab
[2026-06-03 18:04:58.542598] ALERT level=MEDIUM rule=T1070_003_clear_command_history runtime=docker service= env= state=unknown pod= namespace= pid=1073443 ppid=2840117 uid=0 comm=exe filename=/tmp/.bash_history msg=Container accessed command history file: /tmp/.bash_history
[2026-06-03 18:08:40.908922] ALERT level=CRITICAL rule=T1059_unix_shell_execution runtime=docker service=auth_service env= state=resolved pod=order-processor-auth_service namespace= pid=1075459 ppid=1075449 uid=1000 comm=/usr/bin/bash action=kill_process msg=Shell spawned from container — possible RCE
[2026-06-03 18:08:48.057436] ALERT level=HIGH rule=T1003_008_os_credential_dumping runtime=docker service=auth_service env= state=resolved pod=order-processor-auth_service namespace= pid=1075632 ppid=2868372 uid=1000 comm=cat filename=/etc/shadow action=kill_process msg=Container accessed OS credential file: /etc/shadow
[2026-06-03 18:08:52.402857] ALERT level=HIGH rule=T1552_004_private_keys runtime=docker service=auth_service env= state=resolved pod=order-processor-auth_service namespace= pid=1075681 ppid=2868372 uid=1000 comm=cat filename=/tmp/id_rsa action=kill_process msg=Container accessed private key file: /tmp/id_rsa
[2026-06-03 18:09:06.932711] ALERT level=CRITICAL rule=T1611_escape_to_host_fs runtime=docker service=host env= state=host pod= namespace= pid=1075918 ppid=1075360 uid=0 comm=cat filename=/var/lib/docker/overlay2/f86f442928dac89c8f6c8b68cd1d75aef96c870a79afe538757be46bbd9d0714/merged/etc/hostname action=kill_process msg=Host process accessed container filesystem: /var/lib/docker/overlay2/f86f442928dac89c8f6c8b68cd1d75aef96c870a79afe538757be46bbd9d0714/merged/etc/hostname
[2026-06-03 18:09:10.482767] ALERT level=MEDIUM rule=T1082_system_info_discovery runtime=docker service=auth_service env= state=resolved pod=order-processor-auth_service namespace= pid=1075948 ppid=2868372 uid=1000 comm=cat filename=/etc/passwd msg=Container accessed system file: /etc/passwd
[2026-06-03 18:09:15.145652] ALERT level=HIGH rule=T1036_masquerading runtime=docker service=auth_service env= state=resolved pod=order-processor-auth_service namespace= pid=1076027 ppid=1076018 uid=1000 comm=/tmp/sshd msg=Process running from suspicious path: /tmp/sshd
[2026-06-03 18:09:19.816089] ALERT level=HIGH rule=T1053_003_scheduled_task_cron runtime=docker service=auth_service env= state=resolved pod=order-processor-auth_service namespace= pid=1076150 ppid=2868372 uid=1000 comm=cat filename=/etc/crontab msg=Container accessed cron configuration: /etc/crontab
[2026-06-03 18:09:24.370193] ALERT level=MEDIUM rule=T1070_003_clear_command_history runtime=docker service=auth_service env= state=resolved pod=order-processor-auth_service namespace= pid=1076209 ppid=2868372 uid=1000 comm=cat filename=/tmp/.bash_history msg=Container accessed command history file: /tmp/.bash_history
[2026-06-03 18:09:49.553881] ALERT level=HIGH rule=T1552_004_private_keys runtime=docker service= env= state=unknown pod= namespace= pid=1075654 ppid=2840117 uid=0 comm=exe filename=/tmp/id_rsa action=kill_process msg=Container accessed private key file: /tmp/id_rsa
[2026-06-03 18:10:14.151502] ALERT level=CRITICAL rule=T1059_unix_shell_execution runtime=docker service=auth_service env= state=resolved pod=order-processor-auth_service namespace= pid=1076654 ppid=1076644 uid=1000 comm=/usr/bin/bash action=kill_process msg=Shell spawned from container — possible RCE
[2026-06-03 18:10:16.543498] ALERT level=HIGH rule=T1053_003_scheduled_task_cron runtime=docker service= env= state=unknown pod= namespace= pid=1076116 ppid=2840117 uid=0 comm=exe filename=/etc/crontab msg=Container accessed cron configuration: /etc/crontab
[2026-06-03 18:10:22.257138] ALERT level=HIGH rule=T1003_008_os_credential_dumping runtime=docker service=auth_service env= state=resolved pod=order-processor-auth_service namespace= pid=1077123 ppid=2868372 uid=1000 comm=cat filename=/etc/shadow action=kill_process msg=Container accessed OS credential file: /etc/shadow
[2026-06-03 18:10:22.544207] ALERT level=MEDIUM rule=T1070_003_clear_command_history runtime=docker service= env= state=unknown pod= namespace= pid=1076173 ppid=2840117 uid=0 comm=exe filename=/tmp/.bash_history msg=Container accessed command history file: /tmp/.bash_history
[2026-06-03 18:10:27.917778] ALERT level=HIGH rule=T1552_004_private_keys runtime=docker service=auth_service env= state=resolved pod=order-processor-auth_service namespace= pid=1077346 ppid=2868372 uid=1000 comm=cat filename=/tmp/id_rsa action=kill_process msg=Container accessed private key file: /tmp/id_rsa
[2026-06-03 18:10:45.770633] ALERT level=CRITICAL rule=T1611_escape_to_host_fs runtime=docker service=host env= state=host pod= namespace= pid=1077587 ppid=1076540 uid=0 comm=cat filename=/var/lib/docker/overlay2/f86f442928dac89c8f6c8b68cd1d75aef96c870a79afe538757be46bbd9d0714/merged/etc/hostname action=kill_process msg=Host process accessed container filesystem: /var/lib/docker/overlay2/f86f442928dac89c8f6c8b68cd1d75aef96c870a79afe538757be46bbd9d0714/merged/etc/hostname
[2026-06-03 18:10:49.376167] ALERT level=MEDIUM rule=T1082_system_info_discovery runtime=docker service=auth_service env= state=resolved pod=order-processor-auth_service namespace= pid=1077663 ppid=2868372 uid=1000 comm=cat filename=/etc/passwd msg=Container accessed system file: /etc/passwd
[2026-06-03 18:10:54.651221] ALERT level=HIGH rule=T1036_masquerading runtime=docker service=auth_service env= state=resolved pod=order-processor-auth_service namespace= pid=1077739 ppid=1077729 uid=1000 comm=/tmp/sshd msg=Process running from suspicious path: /tmp/sshd
[2026-06-03 18:10:58.984805] ALERT level=HIGH rule=T1053_003_scheduled_task_cron runtime=docker service=auth_service env= state=resolved pod=order-processor-auth_service namespace= pid=1077796 ppid=2868372 uid=1000 comm=cat filename=/etc/crontab msg=Container accessed cron configuration: /etc/crontab
[2026-06-03 18:11:03.317373] ALERT level=MEDIUM rule=T1070_003_clear_command_history runtime=docker service=auth_service env= state=resolved pod=order-processor-auth_service namespace= pid=1077879 ppid=2868372 uid=1000 comm=cat filename=/tmp/.bash_history msg=Container accessed command history file: /tmp/.bash_history
[2026-06-03 18:11:25.550820] ALERT level=HIGH rule=T1552_004_private_keys runtime=docker service= env= state=unknown pod= namespace= pid=1077315 ppid=2840117 uid=0 comm=exe filename=/tmp/id_rsa action=kill_process msg=Container accessed private key file: /tmp/id_rsa
[2026-06-03 18:11:55.546825] ALERT level=HIGH rule=T1053_003_scheduled_task_cron runtime=docker service= env= state=unknown pod= namespace= pid=1077759 ppid=2840117 uid=0 comm=exe filename=/etc/crontab msg=Container accessed cron configuration: /etc/crontab
[2026-06-03 18:12:01.543460] ALERT level=MEDIUM rule=T1070_003_clear_command_history runtime=docker service= env= state=unknown pod= namespace= pid=1077852 ppid=2840117 uid=0 comm=exe filename=/tmp/.bash_history msg=Container accessed command history file: /tmp/.bash_history
[2026-06-04 02:24:10.962789] ALERT level=MEDIUM rule=T1082_system_info_discovery runtime=docker service=busy_antonelli env= state=resolved pod=busy_antonelli namespace= pid=1236912 ppid=1236852 uid=0 comm=apt-get filename=/etc/passwd msg=Container accessed system file: /etc/passwd
[2026-06-04 02:24:10.967955] ALERT level=MEDIUM rule=T1082_system_info_discovery runtime=docker service=busy_antonelli env= state=resolved pod=busy_antonelli namespace= pid=1236912 ppid=1236852 uid=0 comm=apt-get filename=/etc/group msg=Container accessed system file: /etc/group
[2026-06-04 02:24:11.047069] ALERT level=MEDIUM rule=T1082_system_info_discovery runtime=docker service=busy_antonelli env= state=resolved pod=busy_antonelli namespace= pid=1236975 ppid=1236972 uid=0 comm=tar filename=/etc/passwd msg=Container accessed system file: /etc/passwd
[2026-06-04 02:24:11.047769] ALERT level=MEDIUM rule=T1082_system_info_discovery runtime=docker service=busy_antonelli env= state=resolved pod=busy_antonelli namespace= pid=1236975 ppid=1236972 uid=0 comm=tar filename=/etc/group msg=Container accessed system file: /etc/group
[2026-06-04 02:24:11.107632] ALERT level=MEDIUM rule=T1082_system_info_discovery runtime=docker service=busy_antonelli env= state=resolved pod=busy_antonelli namespace= pid=1236970 ppid=1236912 uid=0 comm=dpkg filename=/etc/passwd msg=Container accessed system file: /etc/passwd
[2026-06-04 02:24:11.107966] ALERT level=MEDIUM rule=T1082_system_info_discovery runtime=docker service=busy_antonelli env= state=resolved pod=busy_antonelli namespace= pid=1236970 ppid=1236912 uid=0 comm=dpkg filename=/etc/group msg=Container accessed system file: /etc/group
[2026-06-04 02:24:11.146935] ALERT level=MEDIUM rule=T1082_system_info_discovery runtime=docker service=busy_antonelli env= state=resolved pod=busy_antonelli namespace= pid=1236986 ppid=1236983 uid=0 comm=tar filename=/etc/passwd msg=Container accessed system file: /etc/passwd
[2026-06-04 02:24:11.147639] ALERT level=MEDIUM rule=T1082_system_info_discovery runtime=docker service=busy_antonelli env= state=resolved pod=busy_antonelli namespace= pid=1236986 ppid=1236983 uid=0 comm=tar filename=/etc/group msg=Container accessed system file: /etc/group
[2026-06-04 02:24:11.404337] ALERT level=MEDIUM rule=T1082_system_info_discovery runtime=docker service=busy_antonelli env= state=resolved pod=busy_antonelli namespace= pid=1236997 ppid=1236994 uid=0 comm=tar filename=/etc/passwd msg=Container accessed system file: /etc/passwd
[2026-06-04 02:24:11.405011] ALERT level=MEDIUM rule=T1082_system_info_discovery runtime=docker service=busy_antonelli env= state=resolved pod=busy_antonelli namespace= pid=1236997 ppid=1236994 uid=0 comm=tar filename=/etc/group msg=Container accessed system file: /etc/group
[2026-06-04 02:24:11.520229] ALERT level=MEDIUM rule=T1082_system_info_discovery runtime=docker service=busy_antonelli env= state=resolved pod=busy_antonelli namespace= pid=1237008 ppid=1237005 uid=0 comm=tar filename=/etc/passwd msg=Container accessed system file: /etc/passwd
[2026-06-04 02:24:11.520683] ALERT level=MEDIUM rule=T1082_system_info_discovery runtime=docker service=busy_antonelli env= state=resolved pod=busy_antonelli namespace= pid=1237008 ppid=1237005 uid=0 comm=tar filename=/etc/group msg=Container accessed system file: /etc/group
[2026-06-04 02:24:11.654825] ALERT level=MEDIUM rule=T1082_system_info_discovery runtime=docker service=busy_antonelli env= state=resolved pod=busy_antonelli namespace= pid=1237019 ppid=1237016 uid=0 comm=tar filename=/etc/passwd msg=Container accessed system file: /etc/passwd
[2026-06-04 02:24:11.655619] ALERT level=MEDIUM rule=T1082_system_info_discovery runtime=docker service=busy_antonelli env= state=resolved pod=busy_antonelli namespace= pid=1237019 ppid=1237016 uid=0 comm=tar filename=/etc/group msg=Container accessed system file: /etc/group
[2026-06-04 02:24:11.733389] ALERT level=MEDIUM rule=T1082_system_info_discovery runtime=docker service=busy_antonelli env= state=resolved pod=busy_antonelli namespace= pid=1237030 ppid=1237027 uid=0 comm=tar filename=/etc/passwd msg=Container accessed system file: /etc/passwd
[2026-06-04 02:24:11.734098] ALERT level=MEDIUM rule=T1082_system_info_discovery runtime=docker service=busy_antonelli env= state=resolved pod=busy_antonelli namespace= pid=1237030 ppid=1237027 uid=0 comm=tar filename=/etc/group msg=Container accessed system file: /etc/group
[2026-06-04 02:24:11.809792] ALERT level=MEDIUM rule=T1082_system_info_discovery runtime=docker service=busy_antonelli env= state=resolved pod=busy_antonelli namespace= pid=1237041 ppid=1237038 uid=0 comm=tar filename=/etc/passwd msg=Container accessed system file: /etc/passwd
[2026-06-04 02:24:11.810522] ALERT level=MEDIUM rule=T1082_system_info_discovery runtime=docker service=busy_antonelli env= state=resolved pod=busy_antonelli namespace= pid=1237041 ppid=1237038 uid=0 comm=tar filename=/etc/group msg=Container accessed system file: /etc/group
[2026-06-04 02:24:11.882367] ALERT level=MEDIUM rule=T1082_system_info_discovery runtime=docker service=busy_antonelli env= state=resolved pod=busy_antonelli namespace= pid=1237052 ppid=1237049 uid=0 comm=tar filename=/etc/passwd msg=Container accessed system file: /etc/passwd
[2026-06-04 02:24:11.882728] ALERT level=MEDIUM rule=T1082_system_info_discovery runtime=docker service=busy_antonelli env= state=resolved pod=busy_antonelli namespace= pid=1237052 ppid=1237049 uid=0 comm=tar filename=/etc/group msg=Container accessed system file: /etc/group
[2026-06-04 02:24:12.071627] ALERT level=MEDIUM rule=T1082_system_info_discovery runtime=docker service=busy_antonelli env= state=resolved pod=busy_antonelli namespace= pid=1237063 ppid=1237060 uid=0 comm=tar filename=/etc/passwd msg=Container accessed system file: /etc/passwd
[2026-06-04 02:24:12.072135] ALERT level=MEDIUM rule=T1082_system_info_discovery runtime=docker service=busy_antonelli env= state=resolved pod=busy_antonelli namespace= pid=1237063 ppid=1237060 uid=0 comm=tar filename=/etc/group msg=Container accessed system file: /etc/group
[2026-06-04 02:24:12.172906] ALERT level=MEDIUM rule=T1082_system_info_discovery runtime=docker service=busy_antonelli env= state=resolved pod=busy_antonelli namespace= pid=1237075 ppid=1237072 uid=0 comm=tar filename=/etc/passwd msg=Container accessed system file: /etc/passwd
[2026-06-04 02:24:12.173474] ALERT level=MEDIUM rule=T1082_system_info_discovery runtime=docker service=busy_antonelli env= state=resolved pod=busy_antonelli namespace= pid=1237075 ppid=1237072 uid=0 comm=tar filename=/etc/group msg=Container accessed system file: /etc/group
[2026-06-04 02:24:12.319042] ALERT level=MEDIUM rule=T1082_system_info_discovery runtime=docker service=busy_antonelli env= state=resolved pod=busy_antonelli namespace= pid=1237087 ppid=1237083 uid=0 comm=tar filename=/etc/passwd msg=Container accessed system file: /etc/passwd
[2026-06-04 02:24:12.319636] ALERT level=MEDIUM rule=T1082_system_info_discovery runtime=docker service=busy_antonelli env= state=resolved pod=busy_antonelli namespace= pid=1237087 ppid=1237083 uid=0 comm=tar filename=/etc/group msg=Container accessed system file: /etc/group
[2026-06-04 02:24:12.455904] ALERT level=MEDIUM rule=T1082_system_info_discovery runtime=docker service=busy_antonelli env= state=resolved pod=busy_antonelli namespace= pid=1237112 ppid=1237109 uid=0 comm=tar filename=/etc/passwd msg=Container accessed system file: /etc/passwd
[2026-06-04 02:24:12.456429] ALERT level=MEDIUM rule=T1082_system_info_discovery runtime=docker service=busy_antonelli env= state=resolved pod=busy_antonelli namespace= pid=1237112 ppid=1237109 uid=0 comm=tar filename=/etc/group msg=Container accessed system file: /etc/group
[2026-06-04 02:24:12.545352] ALERT level=MEDIUM rule=T1082_system_info_discovery runtime=docker service=busy_antonelli env= state=resolved pod=busy_antonelli namespace= pid=1237123 ppid=1237120 uid=0 comm=tar filename=/etc/passwd msg=Container accessed system file: /etc/passwd
[2026-06-04 02:24:12.545955] ALERT level=MEDIUM rule=T1082_system_info_discovery runtime=docker service=busy_antonelli env= state=resolved pod=busy_antonelli namespace= pid=1237123 ppid=1237120 uid=0 comm=tar filename=/etc/group msg=Container accessed system file: /etc/group
[2026-06-04 02:24:13.444192] ALERT level=MEDIUM rule=T1082_system_info_discovery runtime=docker service=busy_antonelli env= state=resolved pod=busy_antonelli namespace= pid=1237141 ppid=1237138 uid=0 comm=tar filename=/etc/passwd msg=Container accessed system file: /etc/passwd
[2026-06-04 02:24:13.444664] ALERT level=MEDIUM rule=T1082_system_info_discovery runtime=docker service=busy_antonelli env= state=resolved pod=busy_antonelli namespace= pid=1237141 ppid=1237138 uid=0 comm=tar filename=/etc/group msg=Container accessed system file: /etc/group
[2026-06-04 02:24:13.503645] ALERT level=MEDIUM rule=T1082_system_info_discovery runtime=docker service=busy_antonelli env= state=resolved pod=busy_antonelli namespace= pid=1237152 ppid=1237149 uid=0 comm=tar filename=/etc/passwd msg=Container accessed system file: /etc/passwd
[2026-06-04 02:24:13.504259] ALERT level=MEDIUM rule=T1082_system_info_discovery runtime=docker service=busy_antonelli env= state=resolved pod=busy_antonelli namespace= pid=1237152 ppid=1237149 uid=0 comm=tar filename=/etc/group msg=Container accessed system file: /etc/group
[2026-06-04 02:24:13.561066] ALERT level=MEDIUM rule=T1082_system_info_discovery runtime=docker service=busy_antonelli env= state=resolved pod=busy_antonelli namespace= pid=1237163 ppid=1237160 uid=0 comm=tar filename=/etc/passwd msg=Container accessed system file: /etc/passwd
[2026-06-04 02:24:13.561641] ALERT level=MEDIUM rule=T1082_system_info_discovery runtime=docker service=busy_antonelli env= state=resolved pod=busy_antonelli namespace= pid=1237163 ppid=1237160 uid=0 comm=tar filename=/etc/group msg=Container accessed system file: /etc/group
[2026-06-04 02:24:13.638641] ALERT level=MEDIUM rule=T1082_system_info_discovery runtime=docker service=busy_antonelli env= state=resolved pod=busy_antonelli namespace= pid=1237178 ppid=1237175 uid=0 comm=tar filename=/etc/passwd msg=Container accessed system file: /etc/passwd
[2026-06-04 02:24:13.639209] ALERT level=MEDIUM rule=T1082_system_info_discovery runtime=docker service=busy_antonelli env= state=resolved pod=busy_antonelli namespace= pid=1237178 ppid=1237175 uid=0 comm=tar filename=/etc/group msg=Container accessed system file: /etc/group
[2026-06-04 02:24:13.708989] ALERT level=MEDIUM rule=T1082_system_info_discovery runtime=docker service=busy_antonelli env= state=resolved pod=busy_antonelli namespace= pid=1237189 ppid=1237186 uid=0 comm=tar filename=/etc/passwd msg=Container accessed system file: /etc/passwd
[2026-06-04 02:24:13.709712] ALERT level=MEDIUM rule=T1082_system_info_discovery runtime=docker service=busy_antonelli env= state=resolved pod=busy_antonelli namespace= pid=1237189 ppid=1237186 uid=0 comm=tar filename=/etc/group msg=Container accessed system file: /etc/group
[2026-06-04 02:24:13.786790] ALERT level=MEDIUM rule=T1082_system_info_discovery runtime=docker service=busy_antonelli env= state=resolved pod=busy_antonelli namespace= pid=1237200 ppid=1237197 uid=0 comm=tar filename=/etc/passwd msg=Container accessed system file: /etc/passwd
[2026-06-04 02:24:13.787134] ALERT level=MEDIUM rule=T1082_system_info_discovery runtime=docker service=busy_antonelli env= state=resolved pod=busy_antonelli namespace= pid=1237200 ppid=1237197 uid=0 comm=tar filename=/etc/group msg=Container accessed system file: /etc/group
[2026-06-04 02:24:13.842772] ALERT level=MEDIUM rule=T1082_system_info_discovery runtime=docker service=busy_antonelli env= state=resolved pod=busy_antonelli namespace= pid=1237211 ppid=1237208 uid=0 comm=tar filename=/etc/passwd msg=Container accessed system file: /etc/passwd
[2026-06-04 02:24:13.843209] ALERT level=MEDIUM rule=T1082_system_info_discovery runtime=docker service=busy_antonelli env= state=resolved pod=busy_antonelli namespace= pid=1237211 ppid=1237208 uid=0 comm=tar filename=/etc/group msg=Container accessed system file: /etc/group
[2026-06-04 02:24:13.907239] ALERT level=MEDIUM rule=T1082_system_info_discovery runtime=docker service=busy_antonelli env= state=resolved pod=busy_antonelli namespace= pid=1237222 ppid=1237219 uid=0 comm=tar filename=/etc/passwd msg=Container accessed system file: /etc/passwd
[2026-06-04 02:24:13.907773] ALERT level=MEDIUM rule=T1082_system_info_discovery runtime=docker service=busy_antonelli env= state=resolved pod=busy_antonelli namespace= pid=1237222 ppid=1237219 uid=0 comm=tar filename=/etc/group msg=Container accessed system file: /etc/group
[2026-06-04 02:24:14.174326] ALERT level=MEDIUM rule=T1082_system_info_discovery runtime=docker service=busy_antonelli env= state=resolved pod=busy_antonelli namespace= pid=1237233 ppid=1237230 uid=0 comm=tar filename=/etc/passwd msg=Container accessed system file: /etc/passwd
[2026-06-04 02:24:14.175039] ALERT level=MEDIUM rule=T1082_system_info_discovery runtime=docker service=busy_antonelli env= state=resolved pod=busy_antonelli namespace= pid=1237233 ppid=1237230 uid=0 comm=tar filename=/etc/group msg=Container accessed system file: /etc/group
[2026-06-04 02:24:14.334453] ALERT level=MEDIUM rule=T1082_system_info_discovery runtime=docker service=busy_antonelli env= state=resolved pod=busy_antonelli namespace= pid=1237244 ppid=1237241 uid=0 comm=tar filename=/etc/passwd msg=Container accessed system file: /etc/passwd
[2026-06-04 02:24:14.334995] ALERT level=MEDIUM rule=T1082_system_info_discovery runtime=docker service=busy_antonelli env= state=resolved pod=busy_antonelli namespace= pid=1237244 ppid=1237241 uid=0 comm=tar filename=/etc/group msg=Container accessed system file: /etc/group
[2026-06-04 02:24:14.578600] ALERT level=MEDIUM rule=T1082_system_info_discovery runtime=docker service=busy_antonelli env= state=resolved pod=busy_antonelli namespace= pid=1237255 ppid=1237252 uid=0 comm=tar filename=/etc/passwd msg=Container accessed system file: /etc/passwd
[2026-06-04 02:24:14.578899] ALERT level=MEDIUM rule=T1082_system_info_discovery runtime=docker service=busy_antonelli env= state=resolved pod=busy_antonelli namespace= pid=1237255 ppid=1237252 uid=0 comm=tar filename=/etc/group msg=Container accessed system file: /etc/group
[2026-06-04 02:24:14.732598] ALERT level=MEDIUM rule=T1082_system_info_discovery runtime=docker service=busy_antonelli env= state=resolved pod=busy_antonelli namespace= pid=1237266 ppid=1237263 uid=0 comm=tar filename=/etc/passwd msg=Container accessed system file: /etc/passwd
[2026-06-04 02:24:14.733260] ALERT level=MEDIUM rule=T1082_system_info_discovery runtime=docker service=busy_antonelli env= state=resolved pod=busy_antonelli namespace= pid=1237266 ppid=1237263 uid=0 comm=tar filename=/etc/group msg=Container accessed system file: /etc/group
[2026-06-04 02:24:14.911950] ALERT level=MEDIUM rule=T1082_system_info_discovery runtime=docker service=busy_antonelli env= state=resolved pod=busy_antonelli namespace= pid=1237277 ppid=1237274 uid=0 comm=tar filename=/etc/passwd msg=Container accessed system file: /etc/passwd
[2026-06-04 02:24:14.912339] ALERT level=MEDIUM rule=T1082_system_info_discovery runtime=docker service=busy_antonelli env= state=resolved pod=busy_antonelli namespace= pid=1237277 ppid=1237274 uid=0 comm=tar filename=/etc/group msg=Container accessed system file: /etc/group
[2026-06-04 02:24:14.982514] ALERT level=MEDIUM rule=T1082_system_info_discovery runtime=docker service=busy_antonelli env= state=resolved pod=busy_antonelli namespace= pid=1237288 ppid=1237285 uid=0 comm=tar filename=/etc/passwd msg=Container accessed system file: /etc/passwd
[2026-06-04 02:24:14.983485] ALERT level=MEDIUM rule=T1082_system_info_discovery runtime=docker service=busy_antonelli env= state=resolved pod=busy_antonelli namespace= pid=1237288 ppid=1237285 uid=0 comm=tar filename=/etc/group msg=Container accessed system file: /etc/group
[2026-06-04 02:24:15.257677] ALERT level=MEDIUM rule=T1082_system_info_discovery runtime=docker service=busy_antonelli env= state=resolved pod=busy_antonelli namespace= pid=1237300 ppid=1237297 uid=0 comm=tar filename=/etc/passwd msg=Container accessed system file: /etc/passwd
[2026-06-04 02:24:15.258650] ALERT level=MEDIUM rule=T1082_system_info_discovery runtime=docker service=busy_antonelli env= state=resolved pod=busy_antonelli namespace= pid=1237300 ppid=1237297 uid=0 comm=tar filename=/etc/group msg=Container accessed system file: /etc/group
[2026-06-04 02:24:16.592537] ALERT level=MEDIUM rule=T1082_system_info_discovery runtime=docker service=busy_antonelli env= state=resolved pod=busy_antonelli namespace= pid=1237318 ppid=1237315 uid=0 comm=tar filename=/etc/passwd msg=Container accessed system file: /etc/passwd
[2026-06-04 02:24:16.593367] ALERT level=MEDIUM rule=T1082_system_info_discovery runtime=docker service=busy_antonelli env= state=resolved pod=busy_antonelli namespace= pid=1237318 ppid=1237315 uid=0 comm=tar filename=/etc/group msg=Container accessed system file: /etc/group
[2026-06-04 02:24:16.661370] ALERT level=MEDIUM rule=T1082_system_info_discovery runtime=docker service=busy_antonelli env= state=resolved pod=busy_antonelli namespace= pid=1237329 ppid=1237326 uid=0 comm=tar filename=/etc/passwd msg=Container accessed system file: /etc/passwd
[2026-06-04 02:24:16.661773] ALERT level=MEDIUM rule=T1082_system_info_discovery runtime=docker service=busy_antonelli env= state=resolved pod=busy_antonelli namespace= pid=1237329 ppid=1237326 uid=0 comm=tar filename=/etc/group msg=Container accessed system file: /etc/group
[2026-06-04 02:24:16.721752] ALERT level=MEDIUM rule=T1082_system_info_discovery runtime=docker service=busy_antonelli env= state=resolved pod=busy_antonelli namespace= pid=1237340 ppid=1237337 uid=0 comm=tar filename=/etc/passwd msg=Container accessed system file: /etc/passwd
[2026-06-04 02:24:16.722643] ALERT level=MEDIUM rule=T1082_system_info_discovery runtime=docker service=busy_antonelli env= state=resolved pod=busy_antonelli namespace= pid=1237340 ppid=1237337 uid=0 comm=tar filename=/etc/group msg=Container accessed system file: /etc/group
[2026-06-04 02:24:17.384978] ALERT level=CRITICAL rule=T1059_unix_shell_execution runtime=docker service=busy_antonelli env= state=resolved pod=busy_antonelli namespace= pid=1237360 ppid=1237359 uid=0 comm=/bin/sh action=kill_process msg=Shell spawned from container — possible RCE
